Katherine Micklem,kmicklem0@adobe.com,36d52fa77a221beaa9b0ac51e52c2bbb
Oby Hallt,ohallt1@bigcartel.com,2d3465d6b2e1efb2491f9104a3cb28a4
Laurens Reaman,lreaman2@yahoo.com,e5b98036850b32b404da8e18793fafc2
Ingemar Ody,iody3@vimeo.com,e70863d8e3db66ab30e28cdfc67bae5f
Vinnie Reyes,vreyes4@arstechnica.com,6fe3b15bf8dd486acbf4dfb344c57b83
Kalila Brothwell,kbrothwell5@vimeo.com,4cf2aebc4b60668a493dbb63ec7345cb
Towny Darkin,tdarkin6@tinypic.com,1f4d5d65d862a6bf43c32847896adc6f
Leandra Audrey,laudrey7@wordpress.com,f8747c3c0ec19d9b74dae05f9b964e0a
Noelle Heindle,nheindle8@answers.com,e4f4de38b89156e047154c78b1e18d75
Emmett Goggan,egoggan9@answers.com,6c77ba45139068139c53f7b5f81e79d9
Enriqueta Perle,eperlea@nhs.uk,a3d336678b18b8dfb44c81e26cb9666a
Margarete Ritch,mritchb@skype.com,21830ebeadb32ff61b5668c84f0489c7
Nerta Goodier,ngoodierc@ow.ly,4c0967fdf1bda8fe7b9654df0510b7fe
Shurlocke Haskayne,shaskayned@godaddy.com,1977da012427144022145bb20297b70e
Sianna Kingdom,skingdome@apache.org,bf7211d1d29083451165ad13ba0004ef
Alameda Harnott,aharnottf@clickbank.net,ae0af115cd856c1ea5f22b294eeebe3b
Lamar McKyrrelly,lmckyrrellyg@ted.com,051fff97970fc7a8caf8d9dc2e15eb59
Saundra Binning,sbinningh@nydailynews.com,9b742074566d8102e31e7540de8f6310
Sheba Ayling,saylingi@gravatar.com,b72966e2c4808bc0ea7d738e1154119f
Chere Andriuzzi,candriuzzij@angelfire.com,3835396d1abdab7a9bf5b3fef98a601e
Pincas Leivesley,pleivesleyk@fda.gov,a6e8a0f6dc9be6a8b6241ae2c018875d
Kyrstin Staples,kstaplesl@hibu.com,be6362c8d9fb1b80097ec55b046819a6
Tracy Liepmann,tliepmannm@army.mil,ce080ce3acfa44cfe4534a9bef9c2041
Francois Oldcroft,foldcroftn@nifty.com,39a708cb2e9eef37ab6cb83faddf44a4
Zack Snufflebottom,zsnufflebottomo@dropbox.com,95e454b14dc2dbe2ec31ac6ad460eac1
Wang Moses,wmosesp@csmonitor.com,5224ae422c5f2559b6ae821764dd0730
Henry Beardshall,hbeardshallq@ask.com,ecc1a5517c618927a31567c58485bf6f
Griffy Braker,gbrakerr@nih.gov,7cb8a1a62be1d1144f34dfc252cb8670
Madelle Angel,mangels@hugedomains.com,89f3d7983f93cf4c66a028cf3edc24b2
Sunny Chagg,schaggt@rakuten.co.jp,193020c1b816bb5a4cc80e036c7d5e6b
Georgi Marvin,gmarvinu@statcounter.com,3b93e4658997ecb233d681c962a19e02
Madalena Insley,minsleyv@rakuten.co.jp,eba9733bd172973d5e526c3c0a9bd3c8
Clair Patry,cpatryw@sakura.ne.jp,96bcd2c053120d77329e506a95139d25
Valdemar Tranmer,vtranmerx@friendfeed.com,02e153cd2cdab87815153154aff2af99
Gibbie Tebbe,gtebbey@infoseek.co.jp,1292ebb6742c845706f5667d7cdf782b
Cherin Schwandermann,cschwandermannz@dion.ne.jp,b371d8ff2da48bd2d670af00aa09a290
Jessa Ison,jison10@redcross.org,d0ac135ab219700c3b92164266754d35
Danell Rickis,drickis11@alexa.com,a3b99b6eac7c6d415602f484d34fd76b
Hetty Bensen,hbensen12@uol.com.br,e1d4e6e8c75d5f3445ac4693d4f749db
Eadith Prestidge,eprestidge13@mayoclinic.com,f8b8de80074a51d83282edcee1867258
Pierson Julien,pjulien14@hubpages.com,194d2f724542927cc00d5a9602bf45c3
Kasper Guilliatt,kguilliatt15@shareasale.com,7d95789cbd34a5ce02537ef8215a5666
Raynard Bradd,rbradd16@cloudflare.com,ac4fc6f5025b63115cfa12ca3dfc3add
Adorne Bagniuk,abagniuk17@ning.com,e7a87c76227b0997aa2b9303e19c2134
Binnie Hexam,bhexam18@baidu.com,53897af636c19ec12f2c89abb8f81760
Greta Petofi,gpetofi19@php.net,c113925b1fbd0685f80f96b03b21c334
Marsha Arderne,marderne1a@eventbrite.com,6c512d766d202d3566d37d932dcb5b8a
Garfield Blankenship,gblankenship1b@a8.net,a9bc85a326ec60845ab09cea2cd38071
Waneta Beedon,wbeedon1c@howstuffworks.com,dc23da181e0e2b9292c713f024139acb
Belva McComiskey,bmccomiskey1d@privacy.gov.au,3ef06112d8c72dcfb468fbb5c9071422
Tonnie Treske,ttreske1e@cpanel.net,94acf91e1b0e4841b5caaa7bde72ffac
Sammie Perllman,sperllman1f@google.com.br,efc0c39aaa589b7f138d37f8bd2fa480
Auberta Melonby,amelonby1g@behance.net,f5edcaccd5e06cf6bada378a26075e53
Etheline Reed,ereed1h@amazonaws.com,4c9292b12210e44e889e4adc45ffa064
Leeland Govini,lgovini1i@netscape.com,f4827f816c3a001687a79b9ad5cfa40f
Waylan Tearle,wtearle1j@wikimedia.org,e9a5b4b96253e3aaabb32b200ccf1918
Buffy Ricardo,bricardo1k@engadget.com,554c92864e7e0d2c2eeb96ffb7b6e6de
Dody Sandys,dsandys1l@nymag.com,e9e0c1c65fcebdf679acb5e7eae12c39
Jori Billingsley,jbillingsley1m@surveymonkey.com,8aef2d69361e19efc3dad00861b94db2
Joshia Wisniowski,jwisniowski1n@mail.ru,76e66a25a21e048beeb6cfca8a64a6ea
Georgianna Dablin,gdablin1o@zimbio.com,3597f8e01ea313ef25c12cd8efe35c10
Harriette Ashleigh,hashleigh1p@princeton.edu,667c1b567c9ce9e246efb85e91d8f77c
Cherish Lowes,clowes1q@cnet.com,5fc000c995ca2c72d2f6e1b7b84f590d
Bobine Outridge,boutridge1r@nationalgeographic.com,8be021c2f9315c4b6739d2de3ab6d796
Wylma Budgen,wbudgen1s@dot.gov,a9e84057d393904afac77851f7072f0f
Eimile Clemerson,eclemerson1t@posterous.com,14bd2a0b81d537861029ab0aeefe6b2d
Wilow Parlor,wparlor1u@diigo.com,efcb940afefbe6a3367bb959223c2e5d
Elfrieda Spofforth,espofforth1v@state.tx.us,4b483c26b628a1a3c6412d9c08744044
Hana Kellen,hkellen1w@ihg.com,c34878f72734dc583c74b8b896e0d1fd
Lilah Calyton,lcalyton1x@wisc.edu,838df07e530e76779d003790026804cd
Lanna Nuss,lnuss1y@artisteer.com,ee1302ca4db098eef763cf8b5448584b
Giacobo Longhurst,glonghurst1z@theguardian.com,0c9bc0016e5253d949d40093728aab22
Britt Nafzger,bnafzger20@google.co.jp,1914ac464b5a4462c68bd664959caae3
Beitris Olliffe,bolliffe21@baidu.com,28c66ad6c6e775323f39ec81f40cce20
Ardella Domm,adomm22@disqus.com,349b0e0df1bd542fa3f6516f6fd52727
Abie Skittrell,askittrell23@reddit.com,4f3fcf28b5421b00bde976b8f7e53886
Neils Gellion,ngellion24@amazon.de,0db163a1b0bb9ff9abb6dc57bb058a79
Heddi Brason,hbrason25@list-manage.com,c94404f2bf72a93d55ce3e7c248d8866
Frederigo Enrique,fenrique26@amazon.com,30d35edce92f99896a3ed666a783b474
Burlie Garvey,bgarvey27@bravesites.com,819513b6b4c9db26be8f639731ea0e13
Pennie Hugett,phugett28@mapy.cz,064e0d1567162d7d415cddcfc2316fb6
Naoma Vanlint,nvanlint29@harvard.edu,204b87f7ebc9c7fd411c7fab2c18239f
Theodora Phythian,tphythian2a@apple.com,6ff44d4807701f62fa587e5fa96177cd
Lorrin Treadgold,ltreadgold2b@macromedia.com,d8afc99e600b507b404efa3f4904dc3d
Lauraine Seaman,lseaman2c@dailymotion.com,cd8bf6d4f5c1ba9c7c01f427187f0d36
Ursuline Gouldbourn,ugouldbourn2d@devhub.com,0fcb5f79ae4b8f040abe33001bb68773
Elenore Top,etop2e@yale.edu,bd06e606561d6b74a424a7523ee26958
Neille Mannering,nmannering2f@boston.com,89585f8633c51b6f22a18a3a374e098e
Daphne Cochern,dcochern2g@smugmug.com,d013d18a76d68a0ddee942cb13634cd0
Amandy Maden,amaden2h@plala.or.jp,c5d66d421901cd8d8ef3dc5d9b34d827
Karl Lankham,klankham2i@soup.io,08dc0160098f856e39f76ff7d7079e97
Antoine Papen,apapen2j@mayoclinic.com,591077cb8f16911f3db6313a6808f946
Merwin Hubane,mhubane2k@delicious.com,09c8518eab7b1a0b5f1c608b50ee6a88
Abbey Wildbore,awildbore2l@xrea.com,2fa26c7236381271dd835c87281d7ed7
Isador Sheilds,isheilds2m@comcast.net,6d651586a25f3d371e04d738ce5e1816
Marylou Ocheltree,mocheltree2n@google.co.uk,f230d8978069f7c7cf5883c68264928f
Renato Ashbrook,rashbrook2o@census.gov,08871cbfa3b71d7a4e99c2a9e65bc858
Jewell Barczewski,jbarczewski2p@creativecommons.org,f01ee0430f7931ed6ab956946f43269d
Arnaldo Atter,aatter2q@sfgate.com,4ec27c08f953b1f4d77ab8f6260f5695
Saunder Lorden,slorden2r@tinypic.com,3389152466a7f8b5f4b156bd3b48ae75
Karen Meers,kmeers2s@wix.com,a575a91bd168ad2b25a477fdecbd96bd
Lloyd Scally,lscally2t@thetimes.co.uk,b5968e6466a35955385af2f46f856286
Patrick Giacomazzo,pgiacomazzo2u@thetimes.co.uk,7faa95a6aed7924166bdda34a0793243
Brunhilda Saenz,bsaenz2v@unblog.fr,becacdb9710179418339470650749c65
Nesta Paulmann,npaulmann2w@mail.ru,ffba93ed58cf92dbef18ac3213803bd6
Cacilia Chansonne,cchansonne2x@go.com,9c9c65f80959f302a57c0026c53af9a8
Dene Moorcroft,dmoorcroft2y@wikia.com,833f8ffe26fce2bdbfb1dd79d5a31690
Kristal Aizlewood,kaizlewood2z@netvibes.com,0707eceec009d3841f66e2092c8e938c
Tatiania Simoneschi,tsimoneschi30@nbcnews.com,779e610d14f1f53aee62c688123ef1ba
Brook Radoux,bradoux31@rediff.com,417274212b59c4d2cbeb94816b595651
Kurtis Paul,kpaul32@skype.com,d5be035a87f387dcff53f7b1890563cc
Annemarie Welden,awelden33@ca.gov,9c5c3ab9ac5a874810731fe8ab1b5bde
Dorine Hannaford,dhannaford34@ft.com,712cc93720a35d5138e455f61b4428cb
Mommy Gunderson,mgunderson35@booking.com,cab4bf9acca2a615a2dbfd8eaab04415
Katalin Barnewell,kbarnewell36@godaddy.com,eaca2e9379efd3b12265f4c6c1d8a044
Lisabeth Cray,lcray37@stanford.edu,eedc8456bc00ad0e47dd932711d0a692
Kerwin Mathivet,kmathivet38@businessweek.com,d18e5c2ad626562953b4a9d065034ea5
Timmi Rannigan,trannigan39@si.edu,2ea8141041bc531a20582717b6b95b9c
Mendel Dempsey,mdempsey3a@behance.net,c764b67b3cac59d32c397854965b378e
Margit Elverstone,melverstone3b@wisc.edu,8854711455a275eb0a4cab0e337a4791
Kari Lodemann,klodemann3c@soup.io,272b238e0313c37368a77832e424cb7f
Gianina Callam,gcallam3d@china.com.cn,4c70ab41f300d295e05c26968eacdfde
Pepi Cawcutt,pcawcutt3e@nymag.com,efebe29aba90122a6a0ea693cb317e67
Carmon Strut,cstrut3f@myspace.com,61ac138e0283bc1354c8b550110c5ece
Horatia Hyndley,hhyndley3g@toplist.cz,cba56863bc2fed0e6e39536635b1dfac
Lolita Andryushchenko,landryushchenko3h@altervista.org,47e1a55f6fa1f503e3699c4927a13612
Meg De Mico,mde3i@businessweek.com,830c542dce010b558bfc8899af564966
Dreddy Goymer,dgoymer3j@acquirethisname.com,c40f5793ace378c89e98161ecc086d44
Evey Carleton,ecarleton3k@technorati.com,b3aaa09226708ff70e9a6816205a09fe
Rois Benton,rbenton3l@scribd.com,c7f1a2a71e6d2b636a79479961806cce
Malinde Tranmer,mtranmer3m@opensource.org,73526f4c7278d31d2be619e2a56b738f
Vasilis Siley,vsiley3n@senate.gov,b5611d2005d961712ac13775d28db992
Eugenie Kelway,ekelway3o@theguardian.com,b8ddeb88e77a04e5d39a458e103bfa32
Trixy Pimley,tpimley3p@arizona.edu,3548cca6b13998739b3f17ef25b507c7
Lorry Bligh,lbligh3q@sphinn.com,dc574b95bd94102d41f3108fd93504b1
Izaak Buxy,ibuxy3r@bloomberg.com,8ed4f78b3b26b3ece89fd2953410b55f
Ruprecht McIan,rmcian3s@mozilla.com,d5ac32fbaede065bddd7cd0aa329630f
Lonee Rickeard,lrickeard3t@census.gov,6e27e54b290a2e0deaf2c35db05b297a
Malissia Rubinfeld,mrubinfeld3u@homestead.com,67e141e465822ad890e0f95d31b28a89
Vlad Baillie,vbaillie3v@artisteer.com,570966f6af9e42174b147c875a0b20c0
Gregoor Dudden,gdudden3w@bigcartel.com,d224aa6454bec816529e047610b23b75
Greg Walhedd,gwalhedd3x@timesonline.co.uk,a3df59042fa35a9c3dd5e57514539639
Wally Brinicombe,wbrinicombe3y@seattletimes.com,18aa3a18f33984c38af1e9624a009f08
Theobald Shewery,tshewery3z@google.es,33ea2ac49b07e0cbc0e537d6a6eb8aac
Melesa Kwietek,mkwietek40@sun.com,e227afb0935cd4fcd6c24c43a1b4edf5
Bobbie Gimbrett,bgimbrett41@weather.com,11411902bd442da59df78bedbae40c9a
Tova Folley,tfolley42@gnu.org,a201c0c1a90e734f3a31034cb6af307f
Glyn Rubenovic,grubenovic43@si.edu,718dda4bb89575fdd1f84670d3db2b4c
Fred Cantrell,fcantrell44@utexas.edu,0ef736f76df04bbde696445619bf1281
Maria Freemantle,mfreemantle45@freewebs.com,6f9d5a48e41c3366f92596a0486c7c46
Celisse Misken,cmisken46@printfriendly.com,19b13796c01ee010f278ce0c8dcc3ba4
Douglas Kolczynski,dkolczynski47@a8.net,f203f2577a396c7d02cc58fe4a34a2b0
Hilde Clilverd,hclilverd48@mapy.cz,112167025dd42ffafa8ef6dacbf1843d
Cindi Baleine,cbaleine49@geocities.jp,9446c1c16c1a8be60863d0cf9b1eb4b9
Helene Sieghart,hsieghart4a@hc360.com,9dd5f472d3eb55ca5bb9d2aa3145328c
Gladys Habercham,ghabercham4b@nba.com,b427a40e55fb00dab36b785b903c994d
Josie Asken,jasken4c@51.la,62a9efe502fd8168e4a0f6dca8092fc0
Merilyn Vasilenko,mvasilenko4d@pcworld.com,fc17cb08acfc21596ffefcd0632f3bff
Tami McTurk,tmcturk4e@artisteer.com,42f00d14062e6b67f12d1f44c8523dfb
Allys Parsonson,aparsonson4f@mapy.cz,7cec28c68cb8bb2665262acf1e3cd780
Caron Dancy,cdancy4g@rediff.com,eb33fc30fa18105aeddfdb992e0fccfd
Penrod Goude,pgoude4h@altervista.org,577e2a994cafd9506a1871ff718bbd51
Leontine Masserel,lmasserel4i@eepurl.com,76a56e5ad75893f2d769ba4d0d73fb85
Merrily Bolesworth,mbolesworth4j@google.ca,5778383e576be2cf3fd6ec89827b0b55
Duffie Otton,dotton4k@ebay.co.uk,3ba2f11343250c73e6ea1eeba167fa6b
Daven Sherbrooke,dsherbrooke4l@360.cn,66038b989ce057f8af4378f967c0ad3b
Debora Gobell,dgobell4m@washington.edu,c5c71c93cab397aeb5209da737951b18
Carlita Rannells,crannells4n@comcast.net,3d8fec4a7ca9bf04ceaef6b3dd760009
Vanni Hariot,vhariot4o@dell.com,6d39e22d26947f208c6dd6091403f82c
Bucky Varvell,bvarvell4p@sciencedirect.com,51433115628696043a486e752bc2068f
Reinaldo Astridge,rastridge4q@comsenz.com,72ff72d7faff840b5307aedc71aed299
Clarisse Wesker,cwesker4r@dagondesign.com,11c920216f51f6633856f591bdfff794
Feliza Gennerich,fgennerich4s@accuweather.com,16b54717bb6ab719ec03d12009623b2c
Gwenore Casazza,gcasazza4t@reverbnation.com,437a22dc2a61e38e73afbc7aad3610a9
Phaidra Treweek,ptreweek4u@psu.edu,f54ba553f3bb2151772a0a78376b3cf4
Teodorico Weine,tweine4v@amazon.de,1a92f531b28ac462223e6574efcf637c
Lorie MacCostigan,lmaccostigan4w@cisco.com,ca00b5251424e1f455ea8b65dbc57688
Sibeal Miller,smiller4x@psu.edu,f154d7cf36875a2190d75d9220e969e9
Sande Rieflin,srieflin4y@weebly.com,e1db9245df9a19c74c7037c4921a4a34
Quincy Crasswell,qcrasswell4z@wisc.edu,7df6b3f923c7fd51d6f34dde69c842bc
Dominic Matthias,dmatthias50@springer.com,281f48b81873f05c68addb090a562545
Rhody Steere,rsteere51@jugem.jp,8e298841c67b2762a75cf88403c11aab
Barby Stuck,bstuck52@gov.uk,a3fb946eb05cee4f49e5b544f13a6505
Joseito Brands,jbrands53@sun.com,7cb4a6fa1ef1a9efd46ee25462ec0056
Smitty Eilhersen,seilhersen54@statcounter.com,ca42ec957525236f500fe63e0dccfa28
Cloris Scrammage,cscrammage55@pagesperso-orange.fr,dad04df40b22931ccb91c3109ce07ada
Aluino Anker,aanker56@cornell.edu,301e73df8d30f33f68fba5aab3ec872a
Miles Chaston,mchaston57@mozilla.org,d6d181072f437fa0f82fd9ec530f927e
Alys Crehan,acrehan58@cocolog-nifty.com,e5e52f1bb758d6f3958c6ef83f471ad7
Fraser Hexum,fhexum59@sciencedirect.com,5bb5de54a024b7babca9ceb1f01b92e1
Evyn Gooke,egooke5a@ed.gov,3a795302d5f9d79d94eca67fc471a8f5
Siusan Swainson,sswainson5b@pcworld.com,e312a8f39573b753b6a14e9dd4502970
Fara Hollyar,fhollyar5c@a8.net,73352f1b08c7e18ecf21b807918ad0f3
Ryan Ivakhnov,rivakhnov5d@google.com,40ca0028977f4c0029fc3f75119ee280
Morgan Iamittii,miamittii5e@mozilla.org,4e404d40c046042e87d81c13627bf7d8
Joel Paull,jpaull5f@usatoday.com,ffe9d5cde71a888a12675e6967544975
Gerek Dives,gdives5g@whitehouse.gov,8df7ee0bd82656ca409f13494f9fb670
Catlaina Aird,caird5h@deviantart.com,b96615223f41afcede4f1b26d40d69d6
Terence Cancellor,tcancellor5i@nba.com,0f6c459dc4f5fd4f517c3522bef26507
Lynnell Catanheira,lcatanheira5j@huffingtonpost.com,ae9bb7d247d29fea93bca7966aac69e6
Dru Esberger,desberger5k@usa.gov,73c4accb089210bf095542d20eb3bab1
Tracey Rapo,trapo5l@nih.gov,b35766100ca93dded43c0a21e7f1a44c
Dari Ronayne,dronayne5m@ocn.ne.jp,025f27c3c474f8101cbb7d2bace4129b
Trenna Soda,tsoda5n@dot.gov,25c399c01652364e9f698fd9cf8d5900
Rodolph Pechacek,rpechacek5o@prlog.org,8d3be5dc3fda1a3e6de85628ebd83b2c
Wally Skeath,wskeath5p@smugmug.com,7ebce286a28e4c4700fb57a53be40637
Jenda Rayburn,jrayburn5q@ehow.com,7764e32fddd9cdd2654099f337000450
Lyn Romney,lromney5r@cbsnews.com,41b43eaf61ae1a9386acd4dbc7048557
Clarice Yandell,cyandell5s@narod.ru,71535d309e2b260408ecb6bbc9f53f1e
Tory Giovannacc@i,tgiovannacci5t@omniture.com,94f8d09d183d0070f5de1b57a27967b3
Genvieve Kitson,gkitson5u@angelfire.com,73e93dfec1d2497fa832a4ca1405a78f
Salvidor Loiterton,sloiterton5v@smugmug.com,ac4a1e866a56b16f7fda50763224508f
Kikelia Kingscote,kkingscote5w@icio.us,b503e45a2f20dcca81b48d227249af96
Hobard Messent,hmessent5x@howstuffworks.com,ea2da3b44501eae6e6fecb039b134b09
Adrianna Eccott,aeccott5y@xing.com,166a6b5d6b5584dc4547f8836e768439
Dulsea Largent,dlargent5z@1688.com,6910445fbcacd6889d0b4b0b6b72c385
Flory Murcott,fmurcott60@europa.eu,054f800ac02d5f86d61e5daf83f0a7dd
Bernita Grewer,bgrewer61@cbslocal.com,749a9c9564eb96dc9adac4e6e556d7e1
Micheline Trower,mtrower62@tuttocitta.it,feabda9b3e866926655a7ff5185ed2d9
Kerk Teggart,kteggart63@sogou.com,b6416526346987bf7363606d35f86425
Tarrah Beamond,tbeamond64@issuu.com,e747e145bd6672eda454dedd60e4bd1a
Nial Issac,nissac65@tamu.edu,df94adb8fa94b0329be1ccb46fff20c2
Lammond Mingey,lmingey66@netvibes.com,1b759689dbede32fe6cc06b36c112c76
Amelina Adicot,aadicot67@squidoo.com,89a847453d23534c1034392509282046
Anne-corinne Quan,aquan68@harvard.edu,876abfdebab0c00b72d81c8b3abe733b
Lanny Frohock,lfrohock69@ask.com,7accd814cc80779b0c0bc67735543711
Fiann Newbigging,fnewbigging6a@dot.gov,2c347cc31036a5b31c78dc6dbddc754e
Ashia Ingre,aingre6b@soundcloud.com,7e528a11dc4afc344adbfb0c83a1bcae
Johnette Warret,jwarret6c@ed.gov,bd94f658bd0b44956c1080b4c2a0f76f
Pet Mattis,pmattis6d@smh.com.au,8e051a6734d249cbeff7ac020500a459
Temple Eddowes,teddowes6e@gmpg.org,b99543f3c9e04d9089b00dbf49945fa5
Elyssa Rockwill,erockwill6f@hostgator.com,210d7257cd78197e1083f906ba688296
Bradly Pietrusiak,bpietrusiak6g@tamu.edu,448d3b1311492fc7306efb1392329b2e
Ibbie Fitzsimons,ifitzsimons6h@lulu.com,1d895b5b651b00b0661b222de8ea4054
Dinny Chalder,dchalder6i@wunderground.com,e5c89b44e94716c7dcfcadfd43bd7ba9
Celinda Lipyeat,clipyeat6j@va.gov,1c953d29250f7fc49aaffe10bcce0101
Huntlee Pittford,hpittford6k@liveinternet.ru,f42966be8536a29419c0378f38f12d97
Georgie Garahan,ggarahan6l@epa.gov,8b589a77f118e3c8759c8ebe4ffba1fa
Torey Welberry,twelberry6m@aboutads.info,45cd5dfc9a9165e259cdaad9a522bb22
Clemmy Ballister,cballister6n@marketwatch.com,2c94c76f13e26917c9cada21ed518799
Davis Breitler,dbreitler6o@mit.edu,4d1e58450ff5bbaab58ca5b00e95f78e
Gretta Cockshut,gcockshut6p@cdbaby.com,a5a2616f6f1eb6d93cfbefc69a6fcad0
Sutherland Jouhan,sjouhan6q@de.vu,445e0928e6408765ec55b28e7c4465a6
Daniele Hopfer,dhopfer6r@constantcontact.com,9bbac5a1d8ead0166acfbc0bfb4eb25c
Novelia Bonniface,nbonniface6s@so-net.ne.jp,a23e10886c5140ef0e21e2bd99b71634
Demetri Eastman,deastman6t@discuz.net,77e7b0f2e98f827feacdb16a40e745c5
Corby Campes,ccampes6u@tuttocitta.it,9b228cede470ae2e429ae734db4b18b9
Lusa Stickler,lstickler6v@bbb.org,06ab8efc113679f700af6171cd649b76
Lissa Shatliffe,lshatliffe6w@infoseek.co.jp,d94d519972583bfff8b47866a8820674
Amabelle Penas,apenas6x@blogspot.com,b2dccc312c4b0ff898abcfaa849a7a12
Ashia Hulburd,ahulburd6y@abc.net.au,f4be31611cdab860e421842c5231fa4d
Maurene Rennels,mrennels6z@opera.com,28e69774818000b616f4551f8d42ea1d
Dorine Faire,dfaire70@ted.com,168a3288c19dcf436247b947441088e1
Annmarie Such,asuch71@forbes.com,587bf5b91c091905a96cb812a47d83be
Rog Bunyard,rbunyard72@go.com,98df56bf2859920a0cd588ffb232c717
Idelle Sachno,isachno73@sphinn.com,1d0d6a640ead9823e9a421a059785f41
Lyn Kiffin,lkiffin74@army.mil,d74db1ebd04b7e04e35a35940cabf4bc
Kareem Stillmann,kstillmann75@bizjournals.com,dc22d88786b147fbc95a2788595973a6
Abel Ackroyd,aackroyd76@barnesandnoble.com,1439ca6e3b14b95b2705c1524f7acf61
Regan Toleman,rtoleman77@telegraph.co.uk,781fd7db3709c2d8295d2f3742025d15
Joey Cutcliffe,jcutcliffe78@blogs.com,473e4852e4b24f71faa585c953cbd3b1
Theresina Spelwood,tspelwood79@creativecommons.org,9fe28d0358b4f2a084be0f94bd2bf8f3
Dynah Orneblow,dorneblow7a@blinklist.com,6f6a6403543593a35ccb829794878b02
Garrick Ffoulkes,gffoulkes7b@flavors.me,942465063f7bd6ac73df247ab6eaccea
Liane Parmer,lparmer7c@guardian.co.uk,593c7e46bfbcd19b4ce74a43fdf56aba
Odessa Mc Ilwrick,omc7d@sogou.com,d585f8de0f0f2c28938b9c27ecba2377
Wilow Layhe,wlayhe7e@sbwire.com,f5072da003db00660e634b3c19205dde
Gino Broseke,gbroseke7f@hugedomains.com,ab942626274b2b30560dfceaadba7b0f
Kerianne Joreau,kjoreau7g@earthlink.net,13d0640e85ca179b7331e06835fcbc7e
Ferdy Snaddon,fsnaddon7h@usgs.gov,c66604a38593951fb73c9fd880dea510
Clem Buttery,cbuttery7i@shinystat.com,fe8ae57a9d951e134f2a4a9ee6e48ecb
Filip BURWIN,fburwin7j@narod.ru,6f8e22ec986291b74c9e5de68d4950a9
Kevina Jirsa,kjirsa7k@ebay.com,94bfa9d2b79c180cf97197edbd85eb30
Rosalie Sokell,rsokell7l@squidoo.com,eae89ec0941526545227edff1746573a
Roddy Hub,rhub7m@youtu.be,502ac387630659b2956a1ff306060abe
Valeda Whistlecraft,vwhistlecraft7n@gmpg.org,790828cd4815c543fe4c143bce3d7490
Jeanne Dominguez,jdominguez7o@salon.com,0daedacb527ab733cbcc1c938a5c7d3d
Fey Beagan,fbeagan7p@whitehouse.gov,2cf304c201c1502c4f69e5ce391fa65b
Carson Scryne,cscryne7q@slashdot.org,580c393f97ff8ca2cc67bdb7892f59d1
Kristo Georges,kgeorges7r@princeton.edu,ed6439db4908e29e44d0bb573518aac6
Luce Dan,ldan7s@nps.gov,edb52461349da54b433af73cd03d1787
Feliza Henrot,fhenrot7t@netlog.com,e8d9263a05e77b40cea5d8dc1f3d5a5d
Helene Yearn,hyearn7u@earthlink.net,a92478e216cb402d36630432f6ad92e2
Anthe Burgwyn,aburgwyn7v@trellian.com,826fd2e89acd0b65ae4ad30b0e167c71
Lonee Jerrams,ljerrams7w@alibaba.com,ba3c84a446a2f4ff6faae96b735e42be
Regine Thome,rthome7x@imdb.com,1ef76df738992ed1f7b6ce3fca786bd2
Burch Strutz,bstrutz7y@princeton.edu,822c507987d3ea884a7a906c6d74f00e
Glendon Gier,ggier7z@usnews.com,7f67fc98ba07e6b502907f2b254db36d
Eddie Vasse,evasse80@e-recht24.de,a4d90e02863e063c586bded77dc28879
Branden Wraight,bwraight81@sogou.com,0f8186630d7f79a66adc6c6cea34098d
Freda Zannotelli,fzannotelli82@un.org,17e2881e008e247849e974e15d70a131
Rooney Symms,rsymms83@is.gd,511251bffd7dbc5f455bbc21cbfe9f03
Ira Vesty,ivesty84@alexa.com,cfff2e2379c9a1c589cd172f693095c0
Nicolette Hardwick,nhardwick85@bloglovin.com,20a6a29e77f775bd1c7141fdad645f9f
Melicent Issacoff,missacoff86@booking.com,0121f4582a0748ef454b90ccb995e451
Norma Fishbourn,nfishbourn87@t.co,afb33b3f19b8afb1d1b2b32db8ae6037
Orelie Lettuce,olettuce88@usnews.com,11868b5eee38465478da2dbe99d253ab
Kris Ruppert,kruppert89@desdev.cn,bb2b2b9671353013e3f2e95d77b600c3
Kerby Withams,kwithams8a@java.com,bf0f246b2ddd261494f9a0abc1669291
Kirby Lothlorien,klothlorien8b@wordpress.org,c30ec9b0f1dae97abad11fdd6c09cbb4
Rodolphe Leadstone,rleadstone8c@washington.edu,43409a87c5b6b29d676b957fe5fefb6b
Dniren Poulett,dpoulett8d@vistaprint.com,f376df9c2f043f15230de5c36d7a88a1
Wanids Ferrettino,wferrettino8e@github.io,40863e23f7341fc792cd49c1be2b3785
Nancie Cathro,ncathro8f@dyndns.org,b4abc63808f60239b98e8996d5f2e668
Erich Astbery,eastbery8g@free.fr,b92927cde9b2330aed332b87773b4778
Lorna Portriss,lportriss8h@unc.edu,3b43ed852bf27064374b21b9b04c7bf4
Gaylord Clover,gclover8i@dagondesign.com,19c2239c5edc085f4451f74f3ebc5060
Alaster Fetters,afetters8j@diigo.com,8c738622989840b0f5e88dcb3071c820
Elysee McInally,emcinally8k@ustream.tv,3aa328a1a23b0ff802ddb0441ec82876
Dorita Dilon,ddilon8l@google.com.br,b7322449a23ed24ec1877fb0db16ed21
Ciro Le Floch,cle8m@goo.gl,3966b65bc43a395644bdbe931085fd4e
Helaine Dunthorn,hdunthorn8n@theguardian.com,5e78efda92a9c453a24623cb4eff363b
Rob Iceton,riceton8o@stumbleupon.com,27686da7d1c931000e54a13ee29459e5
Marna Saldler,msaldler8p@about.me,2bdae1235532c05041b85beffdc63195
Cairistiona Levicount,clevicount8q@xing.com,bed5a93b05ee064b15309cc96935415d
Jodie Lusty,jlusty8r@tiny.cc,142cd294904a6473cdd5b7dc242c7729
Sile Burnand,sburnand8s@nbcnews.com,cd4853bab63f83750990f2eaa178128b
Chicky Jillings,cjillings8t@tripod.com,db952f6bf588025ce7082162cc04b072
Jess Salack,jsalack8u@xinhuanet.com,67bdf33641b5422ac7a613f020bad577
Gerianne Probbings,gprobbings8v@themeforest.net,a0127c09aa65777f3f0949a2d45769b5
Alfie Ewestace,aewestace8w@youku.com,528c8d5e943e79607eb743ddfce465b4
Nealon Whale,nwhale8x@gravatar.com,636f015997c6048a341a6b8951edfd02
Alyda Bartles,abartles8y@cisco.com,985c15feb3c1395024d7dbd8029e3847
Nadiya Supple,nsupple8z@csmonitor.com,ce2f100cb6b35837276b525be27edb7d
Corena McGeneay,cmcgeneay90@ning.com,5fc755253a4c4ec4d6d46d1ed36fb83c
Melinde Bletcher,mbletcher91@msu.edu,017f4d45fcbad4fcdcad564750dd7de1
Theodor Hatterslay,thatterslay92@arstechnica.com,59546d10aa15fd05daba500ac35949c1
Zuzana Ouldred,zouldred93@irs.gov,3d37e58d327eba99ce128ef7bc2661ba
Teodoro Chipp,tchipp94@hp.com,0757a9aa2c35202f30201318f4df3b21
Darsie Hoble,dhoble95@ameblo.jp,8f7383107617b94e919082cf9d5c0dd5
Dylan Newson,dnewson96@apache.org,ccd0c39c3d156b95826f079ea65f3279
Chevy Conradie,cconradie97@howstuffworks.com,4db05af52921fc8b5470e1394aec8bb9
Dick Balazin,dbalazin98@merriam-webster.com,cd3541582d0f988bf4f38729885eeddc
Florencia Flageul,fflageul99@vinaora.com,1181a322c42671d4f4103370fb46b5ef
Brendin Buckeridge,bbuckeridge9a@livejournal.com,43c943bf08f6fea30d6ad39a199b085e
Layne Bragger,lbragger9b@vimeo.com,93a8be356df8d51d0109deb230e7bff7
Marne Maylard,mmaylard9c@phoca.cz,211d1ad14c9cf51dab1c772c03d856e6
Lek Leach,lleach9d@geocities.jp,92716d34d912633546a60672cd1bd4f3
Giralda Gabbetis,ggabbetis9e@simplemachines.org,a921d6e1fa848149e0d7615aee857349
Randee Lillecrap,rlillecrap9f@123-reg.co.uk,b0615c0df8f7ce505cf99eff504fd50c
Nataline Scrase,nscrase9g@bravesites.com,771cc30b1c0714abeea1962ce6fa9a2d
Gale Espinal,gespinal9h@cpanel.net,4f1cde67a6d39c876b434ba277ebbb2f
Aryn Penrose,apenrose9i@seattletimes.com,a4bef40f525cd67a9c1942800cbe3b35
Yves Danet,ydanet9j@senate.gov,cf00ab1ef89e9c41c620134a87bf2025
Sebastian Sale,ssale9k@latimes.com,8d98ee2d0561224ffc98f609da346ab3
Paxon Beadle,pbeadle9l@salon.com,4d37391d71d3ca33d69977eb5ae819a4
Priscilla Fuzzey,pfuzzey9m@youtu.be,e8d789148e9623f8664989b7dd5c926c
Casandra Behrendsen,cbehrendsen9n@tinyurl.com,6758d213a1203511054fafde5fdf68de
Janenna Throssell,jthrossell9o@cisco.com,8cd0513c198d08411aa35122b43a613a
Meg Piotrkowski,mpiotrkowski9p@multiply.com,c3bff6028ac57980f5431aa2cb5b4738
Orelie Neat,oneat9q@aol.com,1bbe48f19ec8094bb7d86fb94a1c5b6e
Kylie De Gregorio,kde9r@artisteer.com,639d210a609603e0cb2c079373da39a3
Florida Freddi,ffreddi9s@cbc.ca,a09abc6606c7ef92593a8046c34f618a
Marielle Coviello,mcoviello9t@xinhuanet.com,3358ebfd8edcce7926dd4a25f372de40
Philippe Dei,pdei9u@salon.com,268a55c2dcba57760fd44d8eefd1c55c
Gertrud Tuxill,gtuxill9v@omniture.com,251473aa27f62f6987f8e802f47bbf95
Claiborne Abram,cabram9w@yahoo.co.jp,c1e326e07cfe103304a1bfcdb946b5b0
Lyndsey Lemmon,llemmon9x@php.net,5ca949d2578489129879079b01fcee96
Colleen Bru,cbru9y@homestead.com,5a64b55a5a2504e8bc28409c8ebaa63a
Chantalle Woolatt,cwoolatt9z@sun.com,b4b3b8cd143786bd813d15099aa61236
Leelah Adame,ladamea0@nytimes.com,b60e3e5909d6b4d78e5c5c88917fa6f0
Alphonso Sandifer,asandifera1@123-reg.co.uk,a38e5dd177f4f7d5b017762a91a35a4d
Chris Limbourne,climbournea2@arizona.edu,8557ee8a1382a6fcd6f97cc5160028b8
Celestyna Phipard-Shears,cphipardshearsa3@prlog.org,c48b838494638503573cbacdc1df0fce
Ebenezer Hacun,ehacuna4@tinyurl.com,612c589b93c6efe17b21341e9e12e034
Wylma Lyall,wlyalla5@surveymonkey.com,477a17882a87b163dc1eb082dbfd5e9d
Quent Witard,qwitarda6@utexas.edu,fcd80d67ce4e26d9d26254bda354ef95
Cordy Cavozzi,ccavozzia7@dmoz.org,5e40342964b35ee309a8a9e35a3d99e4
Gearard Battey,gbatteya8@ebay.com,675270061e6fca5fa91480fd597024df
Austin Grindley,agrindleya9@joomla.org,f4a37ec0a93bbdfe8cf70be537ccc256
Linoel Dorset,ldorsetaa@ucla.edu,ab5668aacc3d02a38c08976ff81b5ce5
Gena Pie,gpieab@oaic.gov.au,9a7cf3ddcd8d350fa87e7f33ee019d5d
Cass Delany,cdelanyac@loc.gov,55e481d01c8ad6cb8249c6040527d0ea
Becka Crocetto,bcrocettoad@utexas.edu,87e0d970117bcc970a874ec7ae604fa9
Glynn Drewett,gdrewettae@elpais.com,1b95574a1085e2d08ce57af43bedbf5b
Tillie Huckett,thuckettaf@eepurl.com,3980112a337e6f75a54fcfaeaf373150
Bryn D'Aeth,bdaethag@usda.gov,5e80dc230476a19568ea4191bee2a250
Monah Tradewell,mtradewellah@cisco.com,0cdab579ae96a54f9671c429167bd70a
Kate Feavearyear,kfeavearyearai@loc.gov,3ed3bd904a8ffb1309625dab24f951be
Derril Delahunty,ddelahuntyaj@cnn.com,9279571d2046bd826bdc3075bbc3768d
Belia Medcalfe,bmedcalfeak@reference.com,d036ef15ae7f6adf02b989b74a39a2ef
Vannie Dussy,vdussyal@weibo.com,0286b2b10abc68ae8642053b93f8e4c4
Mallissa Itzkovwitch,mitzkovwitcham@ehow.com,dd8dff8b84884372bbe03ec2261c298b
Bambi Cosgrave,bcosgravean@netlog.com,3b36269573dbf69ef3d11586b5845c20
Nefen Cadamy,ncadamyao@squarespace.com,7f26198c431df8a43a3dfd5a06128629
Welsh Tilbey,wtilbeyap@economist.com,c1247cdb0a6025c356488edc437ac6cc
Marcelo Isted,mistedaq@cmu.edu,57f94a9fb1192516485b3e4d51158521
Madelle Wheadon,mwheadonar@businessweek.com,0b3fb71120b49f9c572810e3edf7fd2c
Lem Tesyro,ltesyroas@businesswire.com,812f95b4fe845348e1e71c24cf73ebd1
Alexei Stanyan,astanyanat@shutterfly.com,63f00fe7e2d698eb1c4f1a0d03441422
Claudian Huie,chuieau@senate.gov,4f452d75b19e6f1513ca7eea98b70355
Prent Jannings,pjanningsav@nifty.com,7f181f2a5377fd5a5d781006db680e2b
Ruthie Amiable,ramiableaw@scribd.com,018ebd9e13641b7127dae3a3fe99df4d
Tally Surtees,tsurteesax@com.com,414057af96fc93cfb985457c4c3f08e2
Wilmar Iorillo,wiorilloay@photobucket.com,954fc61e0d7b4070d7fe64591bf10a7f
Wye Reynolds,wreynoldsaz@stumbleupon.com,750492f5605f2a359eba5a699fdf297a
Pren Spencock,pspencockb0@narod.ru,fec58785a108e73449ad502c87d22949
Lona Van T'Hoog,lvanb1@indiatimes.com,1d6abade2f2fcb613e564af948228075
Masha Cocke,mcockeb2@oakley.com,37181f32cc9062c87f84a36a77739628
Pam Pusill,ppusillb3@so-net.ne.jp,21ac26b06739ab6fec2b00a3caf8b58d
Saunderson Damerell,sdamerellb4@rediff.com,0855a1f6e9a933ef6ecf53a0ecadc0b8
Lynda MacNaughton,lmacnaughtonb5@xing.com,dbdd592af882b39b7d0319c42cb8d58b
Weidar Desborough,wdesboroughb6@cnn.com,d64216031bd266582ef0ed9222775ad3
Octavius Dearnly,odearnlyb7@liveinternet.ru,69a1b3f73b0de88b12a429fd27e18966
Nikaniki Spary,nsparyb8@nba.com,5faa9b2e22eda6bdfc54afa6ccc902bf
Cherilynn McGoogan,cmcgooganb9@slideshare.net,3fe96b271f9eb7482fa5e6e695fc0570
Latashia Chubb,lchubbba@deliciousdays.com,fd33b539b1697bfaadef479f3c8fa731
Lacey Adger,ladgerbb@mediafire.com,b86db6741f93429961fc6a66cd00ee6b
Riane Spinke,rspinkebc@ning.com,76bd15fc692327fefe21f5a17ca35a80
Aubrette Matiewe,amatiewebd@fda.gov,65f2b8490129ecae8bf7d09e65af2b2f
Honor Jones,hjonesbe@reverbnation.com,2d196f4449ecec4113db90bb55d9d310
Ariana Paul,apaulbf@statcounter.com,df52d856210ecdd2511f541458823b33
Marya Elliot,melliotbg@ca.gov,2fa79a53d72b7b4bfbe41f1eb582bbf4
Aylmer Broadist,abroadistbh@engadget.com,eceb1a69045d636f1697c9b8234f9f82
Layne Oxtiby,loxtibybi@huffingtonpost.com,555ebdaf4eddddccd890e61314535d33
Pandora Durham,pdurhambj@reverbnation.com,eb593e1c913e3138186758b29f4cb12c
Ardenia Lloyd,alloydbk@blogger.com,ee12d959085877040bf05df6632eafbd
Langsdon Akroyd,lakroydbl@bigcartel.com,6e972dd26bffcbef66af3cd1dc08e47b
Matty Teml,mtemlbm@forbes.com,154bc31c534d12eaf4328d2a1385b042
Lolly Dreigher,ldreigherbn@nature.com,684812bc94287f8362dfe924abd45068
Dre Redbourn,dredbournbo@addtoany.com,11b636de3d41b63eb195224e80210bbb
Dina Crake,dcrakebp@edublogs.org,4e8b73cace3c451fed24f37d190cc43b
Perla Woodroffe,pwoodroffebq@facebook.com,2cb6f1fb9dba6cc2ed4c6ac339b68434
Ingra Brownhall,ibrownhallbr@buzzfeed.com,6f9f60e0c354b5183fc10b5579b1ef78
Abram Chamley,achamleybs@meetup.com,466e339442e344354e0b829cdcd62056
Raphael Fleischer,rfleischerbt@blogs.com,25f99f0afdebc1e57816a56bda58044a
Nicoli Davydkov,ndavydkovbu@yolasite.com,277a72e23848d6407458704fa3d58643
Anjanette Pittwood,apittwoodbv@blogspot.com,09ff8c95955f2686c55737ba479d5c1c
Hazlett Shillinglaw,hshillinglawbw@liveinternet.ru,9cc7f18d2682f628569537b315c3e71a
Sybil Reubel,sreubelbx@clickbank.net,0e7c078b739342646866b34a8950a84b
Atalanta Celand,acelandby@wikia.com,fd2ad24edc781cb48304795830dec504
Lief Ber,lberbz@people.com.cn,6bb935a30683197eacfbe9c859737188
Kippie Brasse,kbrassec0@addthis.com,bbac939487bd259165f282b48f2c50e0
Halsey Kinnock,hkinnockc1@bloomberg.com,02d60cfd9ffa1bd44843a4608c6e42ea
Lenna Bausor,lbausorc2@kickstarter.com,a2cc9a14ff3cb67306b80f543909d5e6
Lucien Musk,lmuskc3@xinhuanet.com,d9ef0b1ad5d353fab1cb3db86c1337b6
Osgood Ramelet,orameletc4@loc.gov,cc8d99b3b5e49814099d9f593d48da12
Batsheva Shawley,bshawleyc5@cam.ac.uk,a2c0c14ed481c5b709f6a463c1e6b2a6
Nollie Oxlade,noxladec6@chronoengine.com,94487e5a4fc2bb06279bddfe14e3816f
Camel Cerie,cceriec7@about.com,8bea9cf0b4c3eaf5267ba4865657c6f0
Sigismond Tilt,stiltc8@xing.com,77b5df70dd2628fb9984c9fd9e1114b4
Tymon Goburn,tgoburnc9@edublogs.org,e42b9a58b023af9e33697b11c3497223
Dudley Friskey,dfriskeyca@usda.gov,4d7d236efacccc662dc147ebb7d4c17c
Bondy Maharey,bmahareycb@wikipedia.org,c5957c0a8bcaf45d6c5cffd1509981e7
Bing Serjeantson,bserjeantsoncc@jimdo.com,4b2b1086ae73863a2fb1d8227d8d2596
Elizabet Campe,ecampecd@shareasale.com,0c638bc371639f5110ecad38686c564b
Ferris Brucker,fbruckerce@list-manage.com,4a1f34ee0a33b6f518e468eb950bf8a4
Pierette Newlands,pnewlandscf@nps.gov,5b05dd8a9fb784534601392c0a3d345d
Vivi Tallon,vtalloncg@seattletimes.com,aed0bae019d342ca5ac509e3e9469a89
Devi Mulles,dmullesch@mozilla.org,04a3f590b5a33c9dcdc174cd8a603597
Ruby Collymore,rcollymoreci@cmu.edu,a2f58398983c734c1baec8db73ca8240
Rice Wiersma,rwiersmacj@wikimedia.org,0b36b014f38ff449606cfef2788d82b4
Pammy Bazely,pbazelyck@engadget.com,9ef353e7eaafc8543e1433e3a7f12264
Evyn Sinnott,esinnottcl@vimeo.com,3f4a6752625f07dc3378d44cba434dcf
Leeanne Beevis,lbeeviscm@cnn.com,b7a5871b78c5de73172b1fdbb0cfa856
Mylo Haster,mhastercn@bizjournals.com,6637e08eaba4b5cbb2185327745afee1
Teddy Gripton,tgriptonco@thetimes.co.uk,47a884b94895c8c8edaad0361b0a1217
Kristofer Spillman,kspillmancp@howstuffworks.com,c950e8c2dbf6bef9bc8b9326b9db5931
Doy Gatrell,dgatrellcq@mashable.com,5ea3915baad2cb15b64c3fd430a4de5f
Nappie Gauch,ngauchcr@youtu.be,ba83a494b379ce7f09592a676bec5d17
Kylynn Pabel,kpabelcs@example.com,b5d476564667025dbb416bea9f7f0927
Raine Eadmead,readmeadct@google.com.au,474af09268cfc58e05ce19c718841c0e
Emelda Burcombe,eburcombecu@blog.com,347b052473be0ebfe39b98bcb7528153
Lucia Durie,lduriecv@uol.com.br,808aa170cc101264b469a4151ac01126
Berkly Fredi,bfredicw@yellowbook.com,3beafa4960b81f156ea9537a9375c1bb
Linet Inmett,linmettcx@soundcloud.com,0e5c3c80d2117037dc0d1165307e96d0
Charlotte Ruggiero,cruggierocy@usa.gov,8b9de532413b65e1a4197de2d9ce8ea6
Lorianna Crook,lcrookcz@mit.edu,adf24a6c275e45f9021f29db5269fc1e
Joanna Threlkeld,jthrelkeldd0@google.co.jp,abd3affe7b8917358757e360c81f483c
Von Kordt,vkordtd1@a8.net,b7970e8d6a25aefd5a5d7c85c43f2186
Annamaria Kulvear,akulveard2@elegantthemes.com,f13d456ec58cb96ed7dfa48a9d24dd42
Dugald Abramson,dabramsond3@blog.com,0c70739ea3f06af870834f5f7a75fd7b
Almeda Scheffler,aschefflerd4@aboutads.info,f5e2d2e719f8a1ac7e7bd2d605142f29
Ivory Balsdone,ibalsdoned5@linkedin.com,3d3d07ba56e563ea75e386dba6865b29
Pepi Valentine,pvalentined6@techcrunch.com,62ad2d783290d76ec247f16dcb3e1162
Bobina Frowen,bfrowend7@prlog.org,b1189324cab31de2e64b97cdabbbc94e
Kary Mahaffey,kmahaffeyd8@istockphoto.com,ce5b741b35197374c3b86e74289513be
Jarib O'Lennachain,jolennachaind9@bing.com,98574f27f65755ea52cd1fb3286fbabb
Jaye Perren,jperrenda@sakura.ne.jp,a7edbc169eb4f17f702cdc604243b583
Karlik Creaney,kcreaneydb@state.tx.us,ae7665b7666f72b1799a148cfe0521ac
Farlee Kornyakov,fkornyakovdc@tamu.edu,7f192b69fdff83f1c5152fb2610356c2
Caryn Stollenbecker,cstollenbeckerdd@wired.com,a14a9f0c91be90a0a65089b56ff57e5c
Pippy Zorro,pzorrode@wikipedia.org,e45a46e3d6722b10cbb842e1668446ac
Frank Keeley,fkeeleydf@discuz.net,2cc79fd302da4e8d0e72eb66f43386f0
Kordula Currum,kcurrumdg@nydailynews.com,076d8376ebd1ee6bb5dfdaab7b4f7962
Anatollo McTurley,amcturleydh@e-recht24.de,0f31e4872a7f644d882958d3bcae0d61
Denny Admans,dadmansdi@prnewswire.com,ad3cb1fcaebab9eb11b1a15267e088dc
Rodrick Dunmore,rdunmoredj@squidoo.com,b2deb4ac785a2343d632905ab794873f
Ophelia Emanuele,oemanueledk@wikia.com,a2e348e9f328b3a17ffda9488040c688
Addison Castellet,acastelletdl@icq.com,9d90a2799931a95ef285a4c17ab29341
Dilan Birkett,dbirkettdm@google.it,de95930d70e65d5ac0715eba225c0d8e
Elmira Whitlaw,ewhitlawdn@illinois.edu,0c14bcf81287c5888243699449f9a307
Kathrine Duddan,kduddando@php.net,b6b1872c8cac9074c1455f07084e815d
Garnet Edy,gedydp@go.com,f64a99c1c80f3b8af2ddd108d7833cd5
Orelee Gane,oganedq@google.ca,fec81917aaa40fba55a37c04d599adcc
Evvie Poyzer,epoyzerdr@twitpic.com,2d13e654008701f61ff1d96a85a61a06
Lucila Ligertwood,lligertwoodds@histats.com,cdea135a20b303949cab27346aad75ca
Dean Rowsel,drowseldt@newyorker.com,3a2168c5b81a0b0fb874ecbfd8342e4d
Ethelind Ablewhite,eablewhitedu@imgur.com,3880ebb14d1884465a84585f492120b5
Kali Krabbe,kkrabbedv@alibaba.com,7166cd0a05867ba6d36d806c4a4c8652
Myer McRobert,mmcrobertdw@hostgator.com,09dbdff316a7a0415db7551d990900e2
Kristin Timcke,ktimckedx@unicef.org,bec3bac6e890407a48d1062ea233861c
Cheslie Keenlyside,ckeenlysidedy@aboutads.info,5ca0d1a80a1e38eac95f053995ba2e4a
Sibeal Senogles,ssenoglesdz@oakley.com,70e9b68b6e24362820aaf17dd5fd5e11
Gwenora Bradfield,gbradfielde0@reuters.com,3c9e73c5b182b4b604675132dc484a26
Dion Giannazzo,dgiannazzoe1@ucoz.com,733e2d930eb6fec166eb4e289684eb04
Henry Gahan,hgahane2@soup.io,1eb1c3ef116ad2f78bfda7d4d4c865e4
Ava Meriet,ameriete3@typepad.com,c656cd6baa3b5b6a456feb18bea44361
Sterne McAuliffe,smcauliffee4@meetup.com,63ddf8db84053c3d6161415a5f05b2b7
Aluino Sweett,asweette5@wordpress.org,92e2be56e98278fd9aecef07e542cdd7
Corrina Hugo,chugoe6@sogou.com,64ea3881b2c23a183907e4402b61c45b
Haley Brigham,hbrighame7@ucoz.ru,2039375728650c08b1bf7da147d52c3b
Fonzie Gauden,fgaudene8@amazon.de,f52a33eede61c24a96283395e59d4071
Salim Dockery,sdockerye9@princeton.edu,5bd7eb3be8d27fe727167cb36db3006d
Ariel Daldry,adaldryea@slashdot.org,432e90d6d05a158f2e679e162791d973
Magdalene Osgerby,mosgerbyeb@epa.gov,976f5fd2214e4a19c03aa2d1cd95c329
Marthe Fadell,mfadellec@google.co.uk,70207fc3070abd8fabbe87ca50300115
Melodie Jermyn,mjermyned@shinystat.com,7ebffa12ee7fdcdf889562c9b8868003
Hildagard Gethyn,hgethynee@xing.com,d82208e78d22f8b2818a8bf1428f5de7
Mycah Izzatt,mizzattef@naver.com,5fb7163f273a4b2e9b1f6f505dee6c38
Alistair Filipponi,afilipponieg@pcworld.com,38ca5f79141d338e5d56e505bc170386
Tuck Oneal,tonealeh@comcast.net,3e033449ceea625dc38d6440546d7301
Evonne Mangham,emanghamei@fema.gov,90cc6f70be4c77180d1937b3daa6a835
Marina Bleby,mblebyej@google.co.jp,b3936e841912d643ab7a625ac7924382
Konstantine Brewin,kbrewinek@posterous.com,0199eb86f805ef70a8251f9e1164c9af
Lilith Ocklin,locklinel@mysql.com,585fd69f2ddd13d14b9e17cc52f3f6e7
Dallas Linneman,dlinnemanem@geocities.com,e05e8cd3dd75dc1a86610d7c03521971
Tedda Duchateau,tduchateauen@seesaa.net,f89355af5e5ba6b678db6e1937fba077
Amabelle Hrycek,ahrycekeo@shareasale.com,7c7084833e3643e750cbcb4611606132
Xerxes Strangeway,xstrangewayep@yandex.ru,94cf89dde81aab6f720d5713e52a599e
Kalila Ginnell,kginnelleq@spiegel.de,538fed04cea89330536c1973881d9991
Moll Corson,mcorsoner@blogs.com,7c1ebfe73995192242513036a14503e6
Idaline Faunt,ifauntes@vkontakte.ru,f0bf79620b0deecc99bbab2bb4aff815
Gibb Minor,gminoret@ycombinator.com,e1817e1314a9b1f30dd06d7cf4e47e4a
Reuben Tatton,rtattoneu@artisteer.com,aa2098898f05ee0ccad1639aeb0908a6
Lock Beaze,lbeazeev@privacy.gov.au,391d756b283d830f52df3e9e88e45164
Wilfrid Roseblade,wrosebladeew@ox.ac.uk,696d6b05ccf16d222ce4ba4481a62796
Lorianne Romayn,lromaynex@ucoz.com,260bee49d65d311f46368303f6ae03e9
Truda Macbeth,tmacbethey@reddit.com,0d04fa4c16c839148773c57c5e60da96
Garrott Mollene,gmolleneez@skype.com,7d513ed821a3c21959b907774beb7d7c
Sterne Toma,stomaf0@alexa.com,64c643175c27ebdbd173e05dc051ac81
Gale Voase,gvoasef1@symantec.com,ea4094e7bf2bdda38b19f29e80d43f62
Daloris Volette,dvolettef2@howstuffworks.com,dcabab2bd646cf618bfda723eb3c3326
Gar Crumly,gcrumlyf3@hibu.com,d385b676bdcae148ee0e093dc262832c
Normand Dykas,ndykasf4@webeden.co.uk,79b44cccd752d65c7e03bd10677dbed8
Robbert Chatell,rchatellf5@chicagotribune.com,ecbb776b875d4b7f2637a70b143674c5
Miranda Tuny,mtunyf6@1und1.de,3899e9a17277bc1da9923cc9293f6bc2
Sholom Scyner,sscynerf7@telegraph.co.uk,fc87d7642f248903782b0d2e198ec523
Robby Netting,rnettingf8@youku.com,3420fcc998d2d367772be998465f52c5
Karee Cremins,kcreminsf9@wordpress.com,a1f5c375822ed7f0affa471600a5d8de
Kanya Shoorbrooke,kshoorbrookefa@slideshare.net,e26650a2ac331517eceb961460933538
Randa Gentil,rgentilfb@geocities.com,c769ef642bc891363a96ccb3326bf31a
Coleman Jannequin,cjannequinfc@google.ca,c0271b0bed174127e16ec4bb36e33a1f
Walker Alekhov,walekhovfd@google.de,34b10d06dea67fe1669b1aeb68e64b2c
Sterling Vauls,svaulsfe@sourceforge.net,7a3c91908aef60b0d185c9edbec7221e
Leo Janouch,ljanouchff@symantec.com,29fb7712426eb87125f4ff79834ba59d
Joye Follen,jfollenfg@ovh.net,babe9a3812f4e073319cdb3f625e4db2
Andromache Willisch,awillischfh@bizjournals.com,b2167baaad61473e964833acaf2c26c2
Jocko Floyde,jfloydefi@google.fr,8e89fb159362142f0860a813e08c7ff3
Clark Menhenitt,cmenhenittfj@ucsd.edu,94e31b03decc0cc3729caf2652ab5601
Janith Billion,jbillionfk@ask.com,8c3010b6709a38b0ce4172ac99363a35
Maximilien Demcak,mdemcakfl@vkontakte.ru,f9f5aef74234f14f58acbea8589764ca
Ardyce Shovlar,ashovlarfm@fema.gov,32e0165dfc2691ae9e6ec39871fc8b8a
Modesta Stallwood,mstallwoodfn@ucoz.ru,ae8d5ceaf448d045103fd4817a989573
Crissy Walliker,cwallikerfo@vistaprint.com,d232e8a2622b61c34e1ae7436ee899d5
Cris Symons,csymonsfp@eepurl.com,037112f3fb2248bd61dc81ea4984c8ba
Stephannie Gregr,sgregrfq@tumblr.com,11988fafc8cb010d6d68345182356a21
Juana Nelthrop,jnelthropfr@mit.edu,fb4e6aeade4c7db02fd7cfcc9b54579a
Almire Beels,abeelsfs@zdnet.com,07771ca59ae96c747e4e428da073f4e8
Derwin Cleeton,dcleetonft@boston.com,201889959f8f509da819a90eec10d3bb
Marley Gencke,mgenckefu@themeforest.net,1862ae46bc27c9aadd7a58a8657543e7
Milzie Willan,mwillanfv@nps.gov,244191ae8ac628a982971b1de1373d14
Cash Blunsden,cblunsdenfw@shareasale.com,1caac55c6ce3a78d60d37cd6c25c9992
Beret Hellyer,bhellyerfx@gmpg.org,9200ddbf6cd2e74436e97f8f0af1d3e3
Lelia Breewood,lbreewoodfy@economist.com,7be27cb05a93eba6bd42d20ebbb6287a
Sherie Gritsunov,sgritsunovfz@nymag.com,f01cfb9ce8d43b0d278dad93a7f16635
Gertrud Beckitt,gbeckittg0@ebay.com,c48a040ab0fcf9a5b43c8803b956f8d9
Kile Hundall,khundallg1@sourceforge.net,cab3b2b1f5f564eb7695ae4079398b2c
Lucille Leggon,lleggong2@de.vu,ea875702c26dee0475df79ebb1c1dc36
Esta Humphris,ehumphrisg3@apple.com,ac1f3a2d3672f749a3f11b5b0c3d275e
Sergio Cereceres,scereceresg4@paginegialle.it,12c8ca228117ca0f120461dadcfc6f5b
Candie Bail,cbailg5@pbs.org,25137d5113df5725d7ac0c8e19c98d50
Conney Gentiry,cgentiryg6@abc.net.au,aeec4eaa66ae85cc02eb2ee8e4ea359d
Flin Dampney,fdampneyg7@walmart.com,f674252be79cdb7fc9661cebc0115f54
Audie O'Moylan,aomoylang8@princeton.edu,faff5bf0730ce5aa58a9758bc659d6c1
Belinda Harmer,bharmerg9@lycos.com,40673a7919518be5b4baf7800d2cddd0
Jolee Gelderd,jgelderdga@zimbio.com,4b7c2b5c3b1d3019ad203a65f72b8cea
Sonnie Joisce,sjoiscegb@mapquest.com,8ac4b6eabb7e439371dc366d9b3cd869
Adelaida Whiffin,awhiffingc@desdev.cn,2601a4ab5c96756f2a0dbc4ac1583d05
Kathie Kilroy,kkilroygd@furl.net,0c3cec7adc645cdad70bf4b466f1497e
Diana Garnar,dgarnarge@nifty.com,dd128d74e8d124578c3ec93a37a65cec
Kalinda Shoreman,kshoremangf@seattletimes.com,b14bb2286216874c4eb5f2ddbd14a326
Ruthy Kenen,rkenengg@macromedia.com,2d855b714926e7ae838a61cfb1258597
Jay Coniff,jconiffgh@indiatimes.com,addc0f028793dbbbf18a6883f1ae1e9a
Sherry Musprat,smuspratgi@flickr.com,48706d9b8a4da5e606f853caa6497257
Ailbert Gregg,agregggj@discovery.com,54d1699c22554e03f7b57acf131b5650
Vladimir Agney,vagneygk@cisco.com,708af4cdcdbf06b0da9b6d6b908f4e5d
Gillie Yukhnini,gyukhninigl@i2i.jp,9229d1e13fa6322e9591050ba400a629
Noell Simonel,nsimonelgm@nbcnews.com,5323287292e001d8cb9e3e0382be7cd9
Meade Sabate,msabategn@guardian.co.uk,e1b6c56f71429cc9c0ecfed18f90e7ad
Jonis Garrioch,jgarriochgo@facebook.com,65861e8eedd4f5138124a9270bd29e65
Aile Batteson,abattesongp@blogspot.com,5041f191f66aaeb6a77bfdeed37a3ce3
Dorotea Bramer,dbramergq@home.pl,57ca05fccf25d282602606897effa88f
Shirleen Denton,sdentongr@nymag.com,44207243570a137f21583eb99b740eed
Andy Pimlott,apimlottgs@yahoo.com,a31d8dbc4069e4dcbdc4c52d669723b3
Dion Craigmyle,dcraigmylegt@businessinsider.com,cc4a0a9a192cf42a0fe8bd5fdec267a1
Laney Culy,lculygu@angelfire.com,4b13d2d972865b8150b825de623cfd19
Geraldine Mennithorp,gmennithorpgv@yandex.ru,05706f8218e43454fe706e8c10b272c2
Lana Crouch,lcrouchgw@wikimedia.org,9e186207f4f2c3f826976c6f23877cb1
Lynda Sollitt,lsollittgx@time.com,f9d5e55faa94cf73318e1e29a0598764
Estell Antic,eanticgy@psu.edu,e301cf1b63803bdffa7e8d1ff4f081e3
Thacher Trimme,ttrimmegz@naver.com,bc9968771ea85f718839edbed4792464
Gregg Guiton,gguitonh0@alibaba.com,0f94a0b8eed762b70381e6b10ed90194
Norton Eusden,neusdenh1@imdb.com,80ed78ee9b658f5b80a63424344fbddb
Tim Henrique,thenriqueh2@who.int,ebb44ebb6bf492af6e0a1e674dbb53d7
Trina Patrone,tpatroneh3@moonfruit.com,d7a84ba5068b4ae16cc989ba1fd78116
Mikol Matteoli,mmatteolih4@mashable.com,c9e6317d884931edcb56d0bcd7d17718
Lamont Buckby,lbuckbyh5@bravesites.com,c5c5380632eaa1e2eb8919604b3d083d
Lauree Bilton,lbiltonh6@zdnet.com,52d25effeaca40e73f35e251127919e9
Jenifer Garfirth,jgarfirthh7@yale.edu,6e4a6033ad6c64f30b735208e8a51824
Sauncho Crosse,scrosseh8@sciencedaily.com,ec23a71ec42695164f088b2fecb1ce73
Masha Mowlam,mmowlamh9@ox.ac.uk,58d13593290361d5bcc85dd55d9d658c
Roshelle Warrender,rwarrenderha@yale.edu,01a940a08bcd714d5c9308732526b929
Linc Sprigin,lspriginhb@ycombinator.com,bf730666888cc33528dd35cdec47282a
Candy Drews,cdrewshc@usa.gov,c5a6e601183bb18335b5ddb12394bb23
Colly Benedetti,cbenedettihd@stanford.edu,8c379387d0a07b9e1a93b72ada3c23be
Donny Brosini,dbrosinihe@europa.eu,014a497711a101783d6a55b8855ebf4c
Kev Donizeau,kdonizeauhf@princeton.edu,4d3c633347a763dd1c665efd7edbc436
Michaelina Auten,mautenhg@businessweek.com,0b6a7b63b5f203f9dd4813e32c906f2c
Jay Matoshin,jmatoshinhh@cmu.edu,bb1634ed3b2df1cdc85622b500f42227
Boycie Raigatt,braigatthi@blogger.com,8035b1b6ff7dfba385cc708a10122009
Sargent Baxstair,sbaxstairhj@walmart.com,eb62019baa6c92f1c3ca81d98ca55cf9
Konstantine Pierucci,kpieruccihk@unesco.org,4a7a56ffaaec1d0147b8f7d4372706c2
Darius Lowman,dlowmanhl@prweb.com,12028db4db43be0e3ef0d1911a8ae2eb
Morey Laws,mlawshm@xinhuanet.com,0884d69c9ed10e04382b0d409c3cdee6
Morry Indgs,mindgshn@psu.edu,97018cfe52cbc4c384caa1dc7e533f76
Edgardo Schapero,eschaperoho@chicagotribune.com,b0bea31f9f12fa821094e52611f73829
Robinette Pink,rpinkhp@aboutads.info,d49776d2973a6af6968ea49b91cecb0c
Ynes Donovan,ydonovanhq@parallels.com,5f7dc4325135d5411f0322219286c42a
Reube De Robertis,rdehr@hhs.gov,aa30561a1684411451b76eb9588adda0
Lombard Konertz,lkonertzhs@newsvine.com,15e5a1f556366c3163737699745811d7
Vail Eeles,veelesht@diigo.com,baa49dbafe5a26b62ccca6dcb8d96212
Marthena Osban,mosbanhu@nbcnews.com,855d0c9b2a5eecae3d4584d922d2542a
Sharai Jerrard,sjerrardhv@berkeley.edu,8ed3c61eb86d40581530ed14eb5db72e
Eydie Marunchak,emarunchakhw@oaic.gov.au,bae77d5676511b65255f48818b7c7f36
Ophelia Aisbett,oaisbetthx@smugmug.com,b1f87bc951c36197d0b3cc16b7ad9b9e
Monti Valerius,mvaleriushy@xing.com,e1df6555af4275724f20b940d93e5e9c
Alexandrina Stemson,astemsonhz@ameblo.jp,7136ff9d440ef7a57ecf6b9776718a72
Cy Gooble,cgooblei0@answers.com,a99ef6493d885979ed53aa10ba1caa4f
Barb Lecordier,blecordieri1@devhub.com,d005bf03650ed8166dfd3ff3c9007e5b
Kimbra Zisneros,kzisnerosi2@shinystat.com,6e78dc6c28873d87cb6c499aba93a644
Gregg Mundle,gmundlei3@ibm.com,605351dabb04bcd98bdc1f0d181f8494
Bordie Mont,bmonti4@newyorker.com,6d20515ea2bd19773e45e387168ac56b
Anthe Ilchuk,ailchuki5@homestead.com,88fa6d71c353ce7ccd5c599a4b6320da
Ansell Spohr,aspohri6@aol.com,82c8efd7bdd6273bdaf7039d9a353e60
Raffaello Beggan,rbeggani7@163.com,982b90fecca1c820d20355744e1d31d6
Janie Alp,jalpi8@paypal.com,96a63425c478ff8af76535ef7e36e018
Friederike Nortcliffe,fnortcliffei9@howstuffworks.com,ce6777b6739653b78cdc5a5c4a9d7685
Averil Weekes,aweekesia@hud.gov,58870f35248f55099b8257bdcce547e6
Florance Oxterby,foxterbyib@creativecommons.org,95e76b0dc35d3c1b56a6178132459417
Cinderella Ludlow,cludlowic@newyorker.com,de32420eadd5db809cbd8866267489d3
Candide Rafter,crafterid@ovh.net,4a62f37965e75929d692caeb90285846
Grayce Liddle,gliddleie@umich.edu,a21ea45bdbfaa0651a0babf7b1c1178f
Edouard Cocksedge,ecocksedgeif@aol.com,cd39b34e490c9d038dc6f3ef5136c0ed
Reginauld Rosone,rrosoneig@delicious.com,78130bff8c03616fb9b5bcb667de7787
Ermanno Gare,egareih@usda.gov,dd70c0c5fd52e5239ebc8045f97795c4
Coralie Calf,ccalfii@examiner.com,7a897443815a26d2878485ac58e53b69
Stanleigh Border,sborderij@soundcloud.com,60f799badcc00649db0ec51fe27162da
Chelsey Kamall,ckamallik@telegraph.co.uk,fc04efa400d8220de68b648137402541
Kary Streetfield,kstreetfieldil@aboutads.info,040722bddd2464988a7e087e7c55321d
Jarid Pimley,jpimleyim@nature.com,89a6f6d551d7945e8976a51c5d8675b4
Clea Fermor,cfermorin@yahoo.co.jp,689bd28e8743f95d54ffb7da59803458
Rance Titcumb,rtitcumbio@last.fm,c92c7f600abb7d197f72dc4e4b1586f2
Franchot Danis,fdanisip@illinois.edu,58b57a52331af36931a4309489e8c264
Oona Giorgione,ogiorgioneiq@geocities.jp,b6191daae6000cde62eff1ef4abd1db9
Aubrey McLeish,amcleishir@diigo.com,2b35d7e62661b29b82ede7fca0ff9ed0
Davin Reape,dreapeis@cargocollective.com,09ffdb7d38427d9439019ecb9092300b
Ferris Wooder,fwooderit@bandcamp.com,12829c011fef36d35237a0719d012a8d
Kalila Linner,klinneriu@ebay.co.uk,c744d02f12108192d3996dc53c332145
Aurlie Gencke,agenckeiv@narod.ru,3e901127ecbf5220850a08c966c00c49
Karissa Priestland,kpriestlandiw@harvard.edu,9dd902755287d6fe84893fb67a1db667
Hector Catmull,hcatmullix@yelp.com,03d23bd272a1c37a663a39e9df6ea375
Elita MacTimpany,emactimpanyiy@google.ca,296ce5e0b5a58dad64717176e9f30f41
Julian Tureville,jturevilleiz@bravesites.com,81d8e181de7642cfdef3f2f2b73755fc
Kellia Gatrill,kgatrillj0@google.co.uk,d9f3071d8f19ce472b934aad565c73ce
Byrle Gomer,bgomerj1@ibm.com,34ba5645964ec0bb809fb8d3815676dd
Flin Curreen,fcurreenj2@histats.com,5bf7f652ffe6f7e4130b6178e38b27ff
Lynne Bear,lbearj3@slideshare.net,85bd12422a66886b66bd5d02317751ae
Dorelia Gontier,dgontierj4@ask.com,26a42177bcb19ec5d09cdcabf47fafec
Vince Burkert,vburkertj5@tmall.com,2c1971cd16425b167ad72dc8d43359cc
Kevon Dursley,kdursleyj6@oaic.gov.au,aa5d84419379b3765453f1dd318328d4
Estella Mealing,emealingj7@qq.com,c3aa07ccae4175170aeda736802afd99
Cecelia Kirstein,ckirsteinj8@wikia.com,bcc8e4450631ce46ab63b3de3b7df672
Kayla Riggey,kriggeyj9@pinterest.com,218c3975a552cdafe8438e21b6b08c01
Pierrette Burne,pburneja@walmart.com,4d94c8629839cdd9fb727d2e69f70d76
Rossie Greenham,rgreenhamjb@surveymonkey.com,013fe69567c34b6b6152e45866672038
Philip Burroughes,pburroughesjc@reddit.com,81446a596de6aaa33b2dbec12a1a2c88
Yulma Rattray,yrattrayjd@icq.com,071fbaf068dabac609fc7c1020eeb09b
Bendicty Avann,bavannje@aol.com,264cd0a0b1758d98fd97c963cb7bf8f4
Coreen Corner,ccornerjf@goo.gl,591debe9258291d7a3273ed72e2b5ecf
Letti Thurstan,lthurstanjg@phpbb.com,fd7fccf4b9f2784e3844b682fc0080d7
Ingeborg Drabble,idrabblejh@cnet.com,08a6b7cda8a07d8e690ce12893f195f1
Mariellen Idale,midaleji@arizona.edu,8f2d00b267c739b0fd4d9f26d8eeffb2
Gale Harkness,gharknessjj@jimdo.com,9c9413dee83c8f251b2d80ac9e8a4aa1
Horton Fitton,hfittonjk@google.com.br,f7c92fb5778ebd1b909901297b869567
Jessi Maruska,jmaruskajl@slashdot.org,ef8f99079ce6e320157f3a0bfc2c860c
Aggi Tewes,atewesjm@ihg.com,3f74489f080cef7c1cbacbfb49f487be
Vlad Shurman,vshurmanjn@fda.gov,dd62ba2fbdba9b396f1c76e44ead563b
Constancia Bosher,cbosherjo@princeton.edu,30b353eb5f5ed95437498c67d5980ee9
Walden Pailin,wpailinjp@va.gov,7a1f8afb061e30c269f99b30e86022ea
Norri Chetham,nchethamjq@bloglines.com,e06ab2ea809571c79018de9d0fb8fe79
Sybilla Caveau,scaveaujr@usgs.gov,620210063034f093648b0881b9f49776
Shayna Grigor,sgrigorjs@ifeng.com,880c3a35178e7ca2c3c873e15e07f8cc
Edmon Molfino,emolfinojt@joomla.org,ce2855a14fce91bd88130d4978883ac8
Joshuah Harradence,jharradenceju@reverbnation.com,9ee216c6d6651b37a56e08a853961c18
Zedekiah Waith,zwaithjv@wix.com,a6b9536baa47c6b4731bf4f37b6010a5
Jonathan Vasnetsov,jvasnetsovjw@mozilla.org,55d8005bdf59128fabd5bd026883a364
Colman Bailles,cbaillesjx@unc.edu,40b1c34de1ba0a7605078e5bc19a62c9
Hamid Serridge,hserridgejy@furl.net,f8f2b445ac8783c1e70375f6f471986c
Jerrie Carlaw,jcarlawjz@vkontakte.ru,8a07499b28d4e5b505624ec7fc04be26
Evvy Wickes,ewickesk0@google.co.uk,4e0d5e7402e29c6ec3a4dd7d4271df55
Keir Yon,kyonk1@npr.org,9449fac0c7f4e6a25656df50eb5b72e9
Victoria Skains,vskainsk2@unblog.fr,33a894572648210bb8edad3bcceb0cd4
Tadio Comazzo,tcomazzok3@bloomberg.com,8ca2c3f7df76259dbc6bf64d3b3c8067
Randy Birchenough,rbirchenoughk4@usnews.com,4f40deebd18ffe4cdacccfab2e024074
May Uwins,muwinsk5@sphinn.com,26aad9018f22406fc14951549601a50d
Ferdy Cornew,fcornewk6@msu.edu,1e2a9636dad285b7176f3354ca53f0dc
Myra Apark,maparkk7@washington.edu,4aafd1a4637baab7e0a8a3887dd0b010
Fernande Bartolomeazzi,fbartolomeazzik8@opensource.org,9fbee0dd66ab8aa0aadd34f724f8c30b
Terrell Minette,tminettek9@opensource.org,f1dbe2775aa6496eea0ff608d88fa602
Sindee Dudney,sdudneyka@elegantthemes.com,73fed2997bc1d37eca674cc0a898957d
Mathias Jickles,mjickleskb@histats.com,d5dc48755a60673f6a4871a5bcf71670
Archaimbaud Heimann,aheimannkc@marketwatch.com,f477db5a161e482e562161dc74ef0bd3
Shelba Maldin,smaldinkd@360.cn,074ed49bc0be284c839359f260a6bcd6
Loretta Zipsell,lzipsellke@webnode.com,df7e2a11c7de870d441e6a37b6bc540e
Jaymee Cicco,jciccokf@bigcartel.com,31ee76b120f29ac4f55f6c4329e9e263
Miner Pittham,mpitthamkg@symantec.com,4c02a0043ba9a7f4de722d954cded63c
Abbi Loads,aloadskh@house.gov,2bccbece2fb6c150c3163970b5dec950
Luci Petchell,lpetchellki@typepad.com,70c825837994ef8ef45d78254af50481
Dene D'eye,ddeyekj@ibm.com,7381112381aa3cd1044d845fd5c570ca
Wallache Swinburn,wswinburnkk@adobe.com,ece889a2103e45c741721527c2c55ba0
Dotti Rojahn,drojahnkl@lulu.com,f541ba421dee1b82efa7fea1b41054e5
Melvin Matuszewski,mmatuszewskikm@who.int,bf3bb9305f3d2261478d0adab3b70239
Kaitlyn Katte,kkattekn@springer.com,ebf777a83d6a59b897f3db668a59af0d
Germaine McCue,gmccueko@bbb.org,b50950e688c7b07becfa04fbda11c84c
Gusella Mitroshinov,gmitroshinovkp@so-net.ne.jp,65c82c46f50128642cf2f4ee71da2801
Jerrie Downham,jdownhamkq@creativecommons.org,1f5020a6d9d0ad29dd78a6ad118c2248
Nikoletta Gobbett,ngobbettkr@dagondesign.com,0ec611becadaf0cc5b37d8e7de800a86
Granthem Meineking,gmeinekingks@msu.edu,398272427a43d80531c0550459d1a32d
Estrellita Paur,epaurkt@businesswire.com,f36d0900744cd1f4f3ab6bce79b9185e
Amity Bruni,abruniku@sbwire.com,7768b3633052893e5bc6027bd3cae31d
Kalindi Crown,kcrownkv@buzzfeed.com,41e949761ce792db456fd5a9b90f1403
Inge Lammerding,ilammerdingkw@over-blog.com,a58b12a81cc53658b88b8d7e3ad48fdd
Sonny Hallybone,shallybonekx@networkadvertising.org,91b400f36c8548960fc473b9c195c050
Shelagh Ohrt,sohrtky@nymag.com,aff623f6c423e241256d8120dae9ce63
Charmain Shalcras,cshalcraskz@wikipedia.org,8c5eb716e754295eb87ea9de0b3812c5
Loutitia McNeely,lmcneelyl0@sohu.com,8695c8cdb1e346fbf1fb177a787d9f14
Ryan Stouther,rstoutherl1@weibo.com,3da66293fe9ec5f1e63e27c258adcef6
Modestia Pimme,mpimmel2@narod.ru,7125b974456843f0d9e8cfa2b03f7a3f
Ingunna Gwinnell,igwinnelll3@goodreads.com,d01c985f6c1d7da5aee906389a1ca969
La verne Creebo,lvernel4@rakuten.co.jp,f5e3e8d7ded00482de4110d50d67a37e
Dolf Valasek,dvalasekl5@wix.com,9f1292da4d863b7dc588a609683c1b54
Athene Lingwood,alingwoodl6@ebay.co.uk,32105a173a6ae5823ec39fd0b3c80a58
Wendie Antonsen,wantonsenl7@prlog.org,1633f1c1c29028a7365bc611648c9c5b
Lorri Haily,lhailyl8@wiley.com,379d8ac5ed8fc175dfa5badbc4542f1e
Brande Bruhnsen,bbruhnsenl9@geocities.jp,e0e55955fdb040a4a279423ea0d3f3da
Elbertina Shillabeer,eshillabeerla@i2i.jp,f40829b29700443297c0ccd34c41bf3a
Dita Hanes,dhaneslb@theatlantic.com,1d70760128412440af79276ebee746e0
Harcourt Adaway,hadawaylc@hexun.com,c789ca7780cb8381e760dd10089322ab
Celina Marlowe,cmarloweld@google.nl,fdac206b29f8c3fbae502d862dc488cc
Chris Elvin,celvinle@biglobe.ne.jp,ca9c05b60149107e5c974424344580ce
Jorge Hockell,jhockelllf@clickbank.net,06957575f12c0be3bcd3df423dd7786b
Cookie Howman,chowmanlg@paginegialle.it,4fde13699d9d9655fad87bae3dab9b41
Seward Seak,sseaklh@is.gd,c439c88944d13969a8ba71e336c60c11
Giffy Werrilow,gwerrilowli@blinklist.com,5272c1fefa5a35ec5c325ccbf397a048
Damiano Beagen,dbeagenlj@sohu.com,90ae5aa4fa7c68b861e3c33e35cfab87
Payton Waddingham,pwaddinghamlk@netlog.com,e0298306abcccbd6e265760e94a81477
Masha Burchall,mburchallll@smh.com.au,70598785d02feabd61559d6385d4d3c9
Lyman Rospars,lrosparslm@sphinn.com,0ba0758ce258178a6c232f1780f1a81c
Dukey Frick,dfrickln@narod.ru,51e856cd94ea8677629b821938f06e88
Madeleine Phizaclea,mphizaclealo@discuz.net,3b7fb7663c9f2790e80b8a8d960ae64e
Donnajean Shury,dshurylp@kickstarter.com,06cb8e2270bd7eef803e54f82c52edcf
Mead Bernardos,mbernardoslq@time.com,65dfebe533b0de604dc75eae7f51fbcb
Eleonora Simla,esimlalr@jiathis.com,a2d4c807ee63594108d9c5138ef43cd8
Mildrid Harley,mharleyls@ifeng.com,839c851d7318abde9151984af1545c13
Fiona Mazzia,fmazzialt@columbia.edu,c126c63e07e37dab7003933e4b3786f2
Granger McClounan,gmcclounanlu@merriam-webster.com,632a04644f3952a79494870d69b68f3d
Fulton Strickland,fstricklandlv@time.com,5dc4326276be5bd8a502984ebeda9640
Bride Luard,bluardlw@pcworld.com,25d20c75093688c24c863ca1500ac6aa
Wilmar Swinglehurst,wswinglehurstlx@jiathis.com,cf53b0d81ad2525d631a2b12ac98baa4
Susanne Posvner,sposvnerly@google.co.uk,1e588321ee0f31aae7495534682fda71
Cymbre Kornes,ckorneslz@imdb.com,52816e0b4e0866d8b511c61d101d545c
Torrie Stanaway,tstanawaym0@biblegateway.com,9d27ee9a7c09b122d20c08619e291c2d
Violet Treadaway,vtreadawaym1@fda.gov,4071455a7bcf8cd991e448900d675b9d
Jaime Gawith,jgawithm2@jimdo.com,3a8c34c4a2b29f245e927ecedd0a77e7
Hallie Blues,hbluesm3@yahoo.com,02eb26fd5b17458318bfd65436599a4e
Solly Locke,slockem4@hatena.ne.jp,6937a024ce085c4f6532684f07288d01
Sam Maleck,smaleckm5@reuters.com,3c82d07c66f30b840822f59467558bd0
Tad Herreran,therreranm6@163.com,f3125becbbda47414c9e5ead1e478d81
Oby Sore,osorem7@webs.com,0cb4fad101c3eeefaa94800260333f0d
Brittaney Hawler,bhawlerm8@last.fm,86fed1a0dea788a6905a9caac34d9a3c
Aron McSorley,amcsorleym9@seesaa.net,387520425ebddc7d7390d9948435150f
Tripp Van der Linde,tvanma@exblog.jp,bd8eb48c3a1002dc9e90b13289162347
Grove Duggan,gdugganmb@weibo.com,1671c30c24e4d353cbe54df119e81cbd
Babs Escudier,bescudiermc@example.com,5d980997a44f6ba1c9437e3f6c56f717
Hamlin Watmough,hwatmoughmd@about.com,db5f648b1fc89b411d652edeb9856774
Anthia Fullerd,afullerdme@phpbb.com,3b4fec514a3da2ec390b91c0648d80f5
Janelle Gavigan,jgaviganmf@gravatar.com,0c36db318b07f9f19e01d5950bfc61f9
Loella Banyard,lbanyardmg@forbes.com,4af432198dc10cd74aae5868c74b9a8d
Jory Tregenna,jtregennamh@mlb.com,90189f06af3d33fe5837180b547b01f2
Boonie Kayes,bkayesmi@state.gov,0f344a623aaea4892a89edcb44123783
Bert Brunnstein,bbrunnsteinmj@digg.com,03040157eae0dffa94d95a4bc7615adf
Gar Coller,gcollermk@wisc.edu,67adf426ed59c4a0ffcff274713d9e95
Anestassia Rraundl,arraundlml@cdbaby.com,35965110199da19f5aac799b3798e6ca
Kerrill Slight,kslightmm@washington.edu,81aa72bcf9423e88025e3f77f45b364f
Elicia Fairbourn,efairbournmn@merriam-webster.com,2bb604282f5cc24f4171cbc439d1cb8e
Jaymee Stoodale,jstoodalemo@free.fr,7ef9713de60158ffd575a43832803d07
Jocelyn Blanden,jblandenmp@cnbc.com,4bd024c547c120b9fcb4c42b160db1dd
Caspar Harflete,charfletemq@nationalgeographic.com,7342ea7c90c24cd7e59de16f939ce1fd
Lewes Egle,leglemr@virginia.edu,cb2ca628eb676b0c490d8553463c482b
Corry Zuppa,czuppams@yellowbook.com,58fbf7bfc0b496e45e98e7571631b6ea
Gisele Stitson,gstitsonmt@about.me,f127aafef9e58a3dbc4ed29066ccd55d
Missie Feavyour,mfeavyourmu@theglobeandmail.com,ece54093e6ee75856d808ea2508fb5f7
Any Bayns,abaynsmv@4shared.com,3b5196a07e265f80f835f331c34decdf
Flossie Sundin,fsundinmw@edublogs.org,45f6a8b518fdad4275f8f0d0b179f43d
Napoleon Carlett,ncarlettmx@unblog.fr,f10d7a4c8e914ee6e708ae98e1ab2181
Jakie Dennison,jdennisonmy@rediff.com,cf3ffc1d931ceabf4c933ea4361bd2e6
Tobias Brack,tbrackmz@over-blog.com,09a6439b6ea9e5e9456d0863d5ca5128
Ellwood Draayer,edraayern0@i2i.jp,7840c0a965e764c37937ac3f5a049244
Ailbert Ethridge,aethridgen1@cbslocal.com,d114da21c89704d0d2098315ec0efa6e
Normand MacQueen,nmacqueenn2@is.gd,db7aa929f6d83d6eb20ab5e183770a1a
Drusi Shelton,dsheltonn3@redcross.org,4f9b10af49bf8d01752734c7becb717f
Stevy Rubica,srubican4@marriott.com,a992222f7380de7e8924fb0585a3bcd2
Julita MacAlpyne,jmacalpynen5@skype.com,fdb153b8b8203a6a8cfbb6278421740b
Monah Westwick,mwestwickn6@ycombinator.com,498a081b5ce2b0afa2383e0d732836f6
Arlie Nuccii,anucciin7@oakley.com,18660f1ed352fd7cc5e32a3473a1fa22
Lyndsie Decruse,ldecrusen8@imgur.com,c9d9f9f50104e62128fb868d43d24da4
Sunshine Kenryd,skenrydn9@oaic.gov.au,c2d73f23e27d103316166e4b16ea45e3
Rance Rugge,rruggena@xing.com,08da691de83b2b2ff5f3f89940eb0709
Hugh Digwood,hdigwoodnb@jugem.jp,44d0e14445d2debda934ed7c79d72a54
Mallissa Gounel,mgounelnc@smugmug.com,654903852e4cdfee6c33bd9f82099acb
Kala Baline,kbalinend@pagesperso-orange.fr,b3802e6eec19c8b2103d72f95120f90b
Casper Pawelek,cpawelekne@auda.org.au,1ea8fe175a609889e6538117ea35b624
Domingo Druhan,ddruhannf@slate.com,f508c97363c4610e83217d7b99bef9c2
Tannie Cornelis,tcornelisng@jalbum.net,cee4f7481705d57a6132aa1a3ef92785
Jan Videneev,jvideneevnh@google.co.jp,94ebbf2a1d22403484908d2cc79f0f2f
Breanne Kenningley,bkenningleyni@hud.gov,25f81a3d08703bec5b75ba515f380491
Tobie Simmell,tsimmellnj@ft.com,826d5ccefc92100b259c621d92029164
Colly Apedaile,capedailenk@phoca.cz,c3a5e9e685d1a4dc60ce0aa7dd2279a9
Amberly Michell,amichellnl@go.com,5dac30bc54d56b0cbb3d7116e705eb17
Chickie Dumbrall,cdumbrallnm@list-manage.com,bb81d55829729e5f5d910a2648d6437e
Jillayne Chadderton,jchaddertonnn@bloomberg.com,d43ebb7bd2130e6c0a6c6b47c3a5788f
Calida Hutcheson,chutchesonno@weibo.com,fd11617eba801b0d21bf2d53a997d16d
Paddy Cawkill,pcawkillnp@dagondesign.com,adf8402788c8f3fa52151e5b389fd2d6
Doralynn Broyd,dbroydnq@gov.uk,f193de4035682896b31743dfb35217b3
Welbie Roderigo,wroderigonr@freewebs.com,740bb9b1a510ab29a3a5136ef9f5d46b
Kenn Ralph,kralphns@stumbleupon.com,5b96fcd4454fd1a6685a47d8ac70cacc
Haily Benoit,hbenoitnt@salon.com,5ac761932371c7d4748ad7c0f7565244
Dionysus Balnave,dbalnavenu@google.com.br,c2b0a7edc15654f89ee4e376aefc0a7e
Mohandis Costerd,mcosterdnv@washington.edu,31d74d26cd69f7699db5c550f6b53392
Maudie Bridgland,mbridglandnw@home.pl,8d4539683851effbf51e8db840392dbc
Meridith Klich,mklichnx@devhub.com,e6b96dbe27557dba84cad4029310684d
Ulrica Bourgeois,ubourgeoisny@godaddy.com,b736842bf5adef96fa379c5b7d55dd2a
Cherie Blakemore,cblakemorenz@miibeian.gov.cn,03b2b85cc902ff60214e2a9e15346d07
Goldia Wynn,gwynno0@nymag.com,d6c7a639e6f725d9c981bdb8ea32c9eb
Calli Gear,cgearo1@blogspot.com,273b272ee79a3eea065ef4fb0eec1f36
Byram Gorelli,bgorellio2@archive.org,017380056f1dd823aaea8c0544bc00e7
Sybille Kreber,skrebero3@com.com,5af961536e8a165e345e0339ec7096a4
Trev Lowdham,tlowdhamo4@goo.ne.jp,1724dde9d8f3695c9411e87276b6099a
Irwin O'Sharry,iosharryo5@example.com,d82fb186cc628bcf81c53373813df36e
Kesley Siddele,ksiddeleo6@a8.net,d65e61b5e43817a93c6ee85e35d8e365
Cathlene Bernt,cbernto7@cnet.com,054e4b182f6d8f728138091e8cc31392
Sibyl McCree,smccreeo8@fc2.com,9b1c570b1bafab87395f9268c279d10c
Hallsy Burgoin,hburgoino9@mayoclinic.com,27657c7dbdaccbb208436d72cf554273
Franklin La Rosa,flaoa@163.com,e76b81bd2ee05a9ab348a16791025010
Catriona Kimmons,ckimmonsob@shop-pro.jp,1604e706f92d38171e25522d12699dee
Emmey Czaja,eczajaoc@youtu.be,02077e6497fbd6a40945bec243fb99b8
Somerset Swaton,sswatonod@wsj.com,e43dfdbcfaee1b87fce9e1162900bf85
Marlin Paslow,mpaslowoe@usnews.com,05ff13f91bd410a7bbf4e15a35e3f1bf
Lancelot Strathe,lstratheof@wordpress.org,1fb1c2db2ea27870891cd7a4264b2535
Gay Greenset,ggreensetog@dropbox.com,06a3cab6b63dd5c93c434a2f8105a5c6
Merrilee Potteril,mpotteriloh@nps.gov,226c636b6ea567ed769f62aba0e0fc20
Cristal Gothard,cgothardoi@microsoft.com,2e46a4d29384449b589b0ecd93611b9a
Sharia Medwell,smedwelloj@independent.co.uk,891f03ed56af6f1273e7cd7cef18e970
Tine Rove,troveok@mapy.cz,9d99b05d11337f6b5414b2e26ff1fe65
Roanne Lound,rloundol@blogtalkradio.com,10241f15f808344bbe3dfe04bcdb7c3f
Licha Banbrigge,lbanbriggeom@behance.net,10db8ce19d4c331b9b4e27e24b56d193
Urbanus O'Ferris,uoferrison@drupal.org,c6a9ddb0fdc66e91cf10c4a06d536989
Liane Pley,lpleyoo@tripadvisor.com,65fd56d0d964b505dac972c610b8e6b7
Perice Baxstair,pbaxstairop@cbslocal.com,eca094d94b23bc412ce050b0d59e9051
Galina Longridge,glongridgeoq@zimbio.com,0c4b6e43f93308f54c2626d5dc7a0c8a
Ernaline Keddle,ekeddleor@sbwire.com,91991ad9e72ce56ef8ac0694586f0110
Ermin Gomm,egommos@youku.com,e60354943a6d2d52af561a7370d1fedd
Zeb Dorling,zdorlingot@squarespace.com,67d7f44da45ca4aa981c664d64954a4f
Weider Chason,wchasonou@google.nl,280df8469ceece796e5feb156112503e
Drucy Mennithorp,dmennithorpov@bandcamp.com,274375262308ecd21a1013f4dbd490ef
Celestine Beattie,cbeattieow@tinypic.com,9edd33f9719a70381143b0cbd4585779
Dacie Gullan,dgullanox@mit.edu,ce809586ed4f3899bf0073b80ecd6a22
Jamill Tackle,jtackleoy@biglobe.ne.jp,e5877db2191b2e0b4ca7f275bb937f8f
Annadiane O'Scanlan,aoscanlanoz@tuttocitta.it,c991e14fe7be5947a5bf640dde96d38c
Cesya Geerling,cgeerlingp0@usa.gov,e1ff459db9ab9b2a747e4eb1b2564318
Barry Krienke,bkrienkep1@ovh.net,26c43f7f057fd9d17158b089ccbcd9ca
Vasili Imlock,vimlockp2@macromedia.com,92dbce91858d8611ef75cdbd7600d8d2
Shaine Autin,sautinp3@aboutads.info,f20b394c805f816c92b1effde9975493
Glyn Aprahamian,gaprahamianp4@house.gov,0a3d86e0072f5b57eb98e1e611d151dd
Mariellen Dodgshon,mdodgshonp5@stumbleupon.com,8622d2f5ae82d529bf658af44137cef0
Jo Leathlay,jleathlayp6@simplemachines.org,cbdeb8a0f39c101ae5f276e0f73375dd
Ansley Sumpter,asumpterp7@people.com.cn,f6b15d5733265b7978f19f2a4ad9faf3
Morgan Woolger,mwoolgerp8@sciencedaily.com,fa73db3be78da71703d6dc88e6de8dd6
Andy Humfrey,ahumfreyp9@gravatar.com,0a8b5493f26a63343736efa79ac1d4aa
Karim Backshell,kbackshellpa@freewebs.com,9dd7f272d8565093b0c3db21e8ad7d51
Alina List,alistpb@php.net,9941e34b35f95fd4d8d8880c3bcbb232
Dallas Fendlow,dfendlowpc@google.cn,d32b509ed5e2be73d1a0c1e15cf65f24
Emile Migheli,emighelipd@state.gov,9427a8c9213e3c539d3fe5a40dce23db
Renaldo Brimham,rbrimhampe@pcworld.com,e99b836e0f9fbe5e9d3b008d30aec158
Hodge Bendare,hbendarepf@dion.ne.jp,fbf92f9804c1745da6e9b15225789978
Tam Snoad,tsnoadpg@issuu.com,5d7a71ccbc0e0a417424d4e34b4e7b20
Carmina Sima,csimaph@homestead.com,e563a3190045e31c2f81979cc450fe96
Rubina Chrystal,rchrystalpi@foxnews.com,a45de4b20bfc638cbbe4baf8578237b4
Tris Snel,tsnelpj@eepurl.com,ad79ba4fbb4c02606a69cad5eca20443
Wenda Rottgers,wrottgerspk@php.net,a2c82a4e0be378b95ac485684cfeb57e
Zsa zsa Kacheler,zzsapl@ftc.gov,d0fc371d265bab84e8c7fb4b6b7d1968
Wolfie Loosely,wlooselypm@dagondesign.com,b10e03a62cb53973bbb9b1f6fcbc7635
Aylmar Bloore,abloorepn@tiny.cc,1f7229a3365d5a5641cf170ca545ee01
Timothea Camfield,tcamfieldpo@constantcontact.com,35c38d98f795c2fd56dfef98c33bf78d
Rachele Bollum,rbollumpp@pcworld.com,59424192a9666948376a452ad89d5aa4
Skippie Scawton,sscawtonpq@bloglovin.com,fc1414760c63efbb07c0b9b19c7994f2
Dulciana Bogue,dboguepr@who.int,ebac5146aad3b8f0a0ef979f4a67e6c1
Lance Cocklie,lcocklieps@posterous.com,69beddc682f8ecd0ebc7845b2e255231
Darsey Mollitt,dmollittpt@google.cn,a5f444ac15d5066de21a58ed73b2912d
Delcine Aiskovitch,daiskovitchpu@bigcartel.com,7fa6c2b383e3900f8484be1b10f1d721
Arluene Gillbard,agillbardpv@mit.edu,e33df2f0c426e20b6d92f8f0d6f844aa
Sonya Janousek,sjanousekpw@guardian.co.uk,4c3c484f1a9e03ab0995fba3282da13c
Hilly de Cullip,hdepx@parallels.com,0659b7cd7cacbb32d513f9dbeceac62d
Lolita Igounet,ligounetpy@symantec.com,d2fe9dc53edbd9b969c566d2ca3ae61a
Eachelle Coult,ecoultpz@army.mil,e25584090b515c9aeb53f508252915ef
Dael Stanwix,dstanwixq0@globo.com,acd8c9d1ae521d76d67c1cfe59f06d40
Arlene Matei,amateiq1@skyrock.com,9376b09aa64e6f14a50c82f9be1a326c
Jed Peasby,jpeasbyq2@biblegateway.com,bab53cf22ffd500db3577e6b1bcb37ce
Randie Pennycuick,rpennycuickq3@goo.ne.jp,5859bab87e0e66ca9392aa48444189bb
Skippie Keetch,skeetchq4@netvibes.com,0697d2a468e19f7aa79ae74c7927c840
Sybyl Hallas,shallasq5@about.me,5496bf5015ced134608e73316461b27e
Beverie Haburne,bhaburneq6@mozilla.org,93abae8fcf26769164b0d60a5372d5bb
Ingaborg Pecey,ipeceyq7@nps.gov,462ad98225826ea43190029c10544cac
Florian Lindenbaum,flindenbaumq8@fotki.com,2838bc34cd5e7a8e4e1d56e21c1a4306
Kalil Poland,kpolandq9@yandex.ru,b98d24cf0e5e2edf9c79d4c51e891f04
Garrik Vedmore,gvedmoreqa@friendfeed.com,6aefb02866a632bb38211420e02f5100
Annetta Silburn,asilburnqb@sitemeter.com,021a0f56a34de046b9e8ffca4b624eb7
Rudy Whylie,rwhylieqc@slideshare.net,7fac8276a9d5d166bb6ac4584dcdd812
Amargo Laudham,alaudhamqd@soup.io,f55b862b7be4b344a9828e2ae6645827
Kiley Truran,ktruranqe@google.cn,0b49182ffb49c1d1021758fae7929fbd
Dilly Ketley,dketleyqf@odnoklassniki.ru,1394cc5b5f109d6465ba6e7a218d19ad
Karol Pechet,kpechetqg@salon.com,f06c916e3966b7e9e7f6eb95f14caf3b
Nadeen Garrique,ngarriqueqh@google.com,f0e2ea101fb71fbade9e7bd606720026
Luciano Burgher,lburgherqi@xing.com,3305b222810f124a88eace2e381ac778
Irv Conaghy,iconaghyqj@weibo.com,b7f648933e97eb87e61f4fe9fb5b365c
Otis Turner,oturnerqk@soup.io,4ab24a868cefd68ff72a060a34892b7d
Kial Morrieson,kmorriesonql@edublogs.org,60733591ec9e6b03483d2cfa11aa2afb
Karolina Privost,kprivostqm@baidu.com,d11651f54080d920393dcbbab3388ea9
Phaedra Medina,pmedinaqn@ihg.com,7491a7d241c8eccb97cf5d5320354fa0
Clarita Corner,ccornerqo@deviantart.com,d3a874c6771740c150329b748a56b1e9
Darryl Chappel,dchappelqp@virginia.edu,faa589ae5af99d4a496f25e06d2080f8
Margeaux Clipsham,mclipshamqq@barnesandnoble.com,eadf0e3861f7bfa02de760236be85eb5
Arlene Britland,abritlandqr@telegraph.co.uk,27737ca36c0f97838a7e273128905137
Melesa Yashnov,myashnovqs@yale.edu,012cc53a766b9ce66e47641360a04831
Florina Hyatt,fhyattqt@hexun.com,3705e9c89bef4b3c3617c8269d3678d1
Tabbi Darcy,tdarcyqu@freewebs.com,2fc196d7aeb99de3000f936f117138f8
Heidi Ever,heverqv@vk.com,fad1ff1e3c63597bb52e265736a2c5ca
Ursola Smart,usmartqw@addtoany.com,29512ac3f68f9d90a5a1c0847f6a0d00
Ulrike Allder,uallderqx@shareasale.com,fbd63621b2597c8e9269ff0ec2bd0a5a
Teresa Tytcomb,ttytcombqy@wordpress.com,5bc0316341cdb05f890c9f2c9757ee2b
Erik Scarce,escarceqz@rediff.com,3b559b2bc6f9810f2edc100bdcab251f
Vina Broadbent,vbroadbentr0@cpanel.net,7c9b817a8c3ce02ea0809f6631a73111
Susi Bainbrigge,sbainbrigger1@time.com,848f53b82dbf9d8891e05a1f1e842b9c
Kirsti Seid,kseidr2@fastcompany.com,5ca32ded9834e94f97f7e827fd661833
Blaine Aspinwall,baspinwallr3@ibm.com,006bc94a7325d29aeca4b964020c2786
Devan Clashe,dclasher4@ow.ly,7cd2fe5c9fdec38d57b1603f61714859
Vasilis Tabbernor,vtabbernorr5@live.com,0002493d5f463236452a96bc25690428
Annice Reggler,aregglerr6@bloomberg.com,f8d56fa0a6c5032e7b77449374803217
Waring Fouldes,wfouldesr7@alexa.com,ea4571929211179a7c3c24afc18d156f
Obadiah Wealleans,owealleansr8@goodreads.com,5074e2ac135ac8448314784ec0f237d4
Georges Elcy,gelcyr9@freewebs.com,89ef83d08633a8529539e67a4186acb4
Cherie Arnely,carnelyra@cnn.com,9d2e7fa9f175d1b3e6a373aa0bed1e69
Briana Carolan,bcarolanrb@apple.com,df54177177a60a4ff6814bdd7934876e
Korey Brachell,kbrachellrc@pen.io,1a0e8facf63a0d3814c5a12626c1400f
Helsa Towl,htowlrd@phpbb.com,959b67a46d208a34a4cd7246a8b66f0c
Kittie Karsh,kkarshre@wikimedia.org,5e9655f4eeca38306d45745967cf6ed3
Ezra Bohin,ebohinrf@symantec.com,c31003462f6b1d58256893406bf1ee95
Milissent Cadman,mcadmanrg@cocolog-nifty.com,7f75fb8366a4080cd208ca5a77b38bac
Gonzales Treffry,gtreffryrh@meetup.com,c37a6bdb55143094987d5fa6d65eb9eb
Therese Lemmanbie,tlemmanbieri@ftc.gov,06bfb92290e2bf6fee79c0f3023969c1
Wilbert Perrigo,wperrigorj@vkontakte.ru,95078bece2a29b2a9cab91891d07d6d9
Ardine Megarrell,amegarrellrk@berkeley.edu,ec9271c0dad9fdf085614cb2ee1b4f51
Vin Pappin,vpappinrl@istockphoto.com,e1ed62638f8e067eab2332fb266bebce
Antonina Pikett,apikettrm@weibo.com,b60e688b8e449ba7a897e91163b6af43
Dillon Peche,dpechern@dedecms.com,322a7d3524c176eb073ca8c4acd49390
Valaria Dolley,vdolleyro@zdnet.com,cae7bb33643c17f683155302f56af4dd
Carleton Peschka,cpeschkarp@usatoday.com,ec3d72b279f96f6f75b96e7d9f274683
Zerk Carnall,zcarnallrq@pinterest.com,75f217f2492cab9387b8fb1abc48015e
Natty Dashkovich,ndashkovichrr@jugem.jp,2fab2684d45d7a355287328f4e3b8694
